Series Code,Indicator Name,radar_label,domain,Unit of measure,Periodicity,Source,License Type,license_check,Long definition,Limitations and exceptions
EG.ELC.ACCS.ZS,Access to electricity (% of population),Access to electricity,Social determinants,% (share) of population,Annual,"SDG 7.1.1 Electrification Dataset, World Bank (WB), uri: https://trackingsdg7.esmap.org/downloads, note: Data is downloaded from ESMAP website. Data is released when a new Tracking SDG7 report is released., publisher: World Bank (WB), date accessed: 2024-05-16, date published: 2023",CC BY-4.0,PASS,"Access to electricity is the percentage of population with access to electricity. Electrification data are collected from industry, national surveys and international sources.",
NY.GDP.PCAP.CD,GDP per capita (current US$),GDP per capita,Social determinants,current US$,Annual,"Country official statistics, National Statistical Organizations and/or Central Banks;
National Accounts data files, Organisation for Economic Co-operation and Development (OECD);
Staff estimates, World Bank (WB)",CC BY-4.0,PASS,"Gross domestic product is the total income earned through the production of goods and services in an economic territory during an accounting period. It can be measured in three different ways: using either the expenditure approach, the income approach, or the production approach. The core indicator has been divided by the general population to achieve a per capita estimate.This indicator is expressed in current prices, meaning no adjustment has been made to account for price changes over time. This indicator is expressed in United States dollars.",
SE.SEC.ENRR,"School enrollment, secondary (% gross)",Secondary school enrollment,Social determinants,% of population in the 5-year age group immediately following primary education,Annual,"Data API, UN Educational, Scientific and Cultural Organization (UNESCO), uri: https://databrowser.uis.unesco.org/resources, note: The data are obtained through the UIS API.  Detailed documentation is available at: https://api.uis.unesco.org/api/public/documentation/, publisher: UNESCO Institute for Statistics (UIS), type: Bulk file (csv), date accessed: 2026-03-19, date published: 2026-02",CC BY-4.0,PASS,"Gross enrollment ratio is the ratio of total enrollment, regardless of age, to the population of the age group that officially corresponds to the level of education shown. Secondary education completes the provision of basic education that began at the primary level, and aims at laying the foundations for lifelong learning and human development, by offering more subject- or skill-oriented instruction using more specialized teachers.","Enrollment indicators are based on annual school surveys, but do not necessarily reflect actual attendance or dropout rates during the year. Also, the length of education differs across countries and can influence enrollment rates, although the International Standard Classification of Education (ISCED) tries to minimize the difference. For example, a shorter duration for primary education tends to increase the rate; a longer one to decrease it (in part because older children are more at risk of dropping out). Moreover, age at enrollment may be inaccurately estimated or misstated, especially in communities where registration of births is not strictly enforced."
SH.DYN.MORT,"Mortality rate, under-5 (per 1,000 live births)",Under-5 mortality,Health outcomes,Per 1000 live births,Annual,"UN Inter-agency Group for Child Mortality Estimation, UN Children's Fund (UNICEF), uri: www.childmortality.org, publisher: UNICEF, WHO, World Bank, United Nations Population Division;
World Health Organization (WHO), uri: www.childmortality.org, note: UN Inter-agency Group for Child Mortality Estimation;
World Bank (WB), uri: www.childmortality.org, note: UN Inter-agency Group for Child Mortality Estimation;
United Nations (UN), uri: www.childmortality.org, note: UN Inter-agency Group for Child Mortality Estimation, publisher: UN Population Division",CC BY-4.0,PASS,"Under-five mortality rate is the probability per 1,000 that a newborn baby will die before reaching age five, if subject to age-specific mortality rates of the specified year.","Complete vital registration systems are fairly uncommon in developing countries. Thus estimates must be obtained from sample surveys or derived by applying indirect estimation techniques to registration, census, or survey data. Survey data are subject to recall error, and surveys estimating infant/child deaths require large samples because households in which a birth has occurred during a given year cannot ordinarily be preselected for sampling. Indirect estimates rely on model life tables that may be inappropriate for the population concerned. Extrapolations based on outdated surveys may not be reliable for monitoring changes in health status or for comparative analytical work."
SH.H2O.SMDW.ZS,People using safely managed drinking water services (% of population),Safely managed drinking water,Social determinants,% of population,Annual,"WHO/UNICEF Joint Monitoring Programme (JMP) for Water Supply, Sanitation and Hygiene, World Health Organization (WHO), uri: washdata.org, note: Aggregate data by groups are computed based on the groupings for the World Bank fiscal year in which the data was released by the WHO/UNICEF Joint Monitoring Programme (JMP) for Water Supply, Sanitation and Hygiene., publisher: WHO/UNICEF Joint Monitoring Programme (JMP) for Water Supply, Sanitation and Hygiene (washdata.org), date accessed: 2025-09-30, date published: 2025-08-25;
UN Children's Fund (UNICEF), uri: washdata.org, note: WHO/UNICEF Joint Monitoring Programme (JMP) for Water Supply, Sanitation and Hygiene",CC BY-4.0,PASS,"The percentage of people using drinking water from an improved source that is accessible on premises, available when needed and free from fecal and priority chemical contamination. Improved water sources include piped water, boreholes or tubewells, protected dug wells, protected springs, and packaged or delivered water.","In order to meet the criteria for a safely managed drinking water service, an improved water source should meet three criteria: it should be accessible on the premises (accessibility), water should be available when needed (availability), and the water supplied should be free from contamination (quality).  Many countries lack data on one or more elements of safely managed drinking water.  The WHO/UNICEF Joint Monitoring Programme for Water Supply, Sanitation and Hygiene (JMP) provide national estimates only when data are available on drinking water quality and at least one of the other criteria (accessibility and availability).  Regional and income group estimates are made when data are available for at least 30 percent of the population."
SH.IMM.MEAS,"Immunization, measles (% of children ages 12-23 months)",Measles immunization,Health system,Percentage,Annual,"World Health Organization (WHO), uri: http://www.who.int/immunization/monitoring_surveillance/en/;
UN Children's Fund (UNICEF), uri: https://data.unicef.org/topic/child-health/immunization/",CC BY-4.0,PASS,"Child immunization, measles, measures the percentage of children ages 12-23 months who received the measles vaccination before 12 months or at any time before the survey. A child is considered adequately immunized against measles after receiving one dose of vaccine.",In many developing countries a lack of precise information on the size of the cohort of one-year-old children makes immunization coverage difficult to estimate from program statistics.
SH.MED.NUMW.P3,"Nurses and midwives (per 1,000 people)","Nurses and midwives per 1,000 people",Health system,Per 1000 people,Annual,"Global Health Workforce Statistics, World Health Organization (WHO);
Organisation for Economic Co-operation and Development (OECD);
Country data",CC BY-4.0,PASS,"Nurses and midwives include professional nurses, professional midwives, auxiliary nurses, auxiliary midwives, enrolled nurses, enrolled midwives and other associated personnel, such as dental nurses and primary care nurses.","The WHO compiles data from household and labor force surveys, censuses, and administrative records. Data comparability is limited by differences in definitions and training of medical personnel varies. In addition, human resources tend to be concentrated in urban areas, so that average densities do not provide a full picture of health personnel available to the entire population."
SH.MED.PHYS.ZS,"Physicians (per 1,000 people)","Physicians per 1,000 people",Health system,Per 1000 people,Annual,"Global Health Workforce Statistics, World Health Organization (WHO);
Organisation for Economic Co-operation and Development (OECD);
Country data",CC BY-4.0,PASS,Physicians include generalist and specialist medical practitioners.,"The WHO compiles data from household and labor force surveys, censuses, and administrative records. Data comparability is limited by differences in definitions and training of medical personnel varies. In addition, human resources tend to be concentrated in urban areas, so that average densities do not provide a full picture of health personnel available to the entire population."
SH.STA.MMRT,"Maternal mortality ratio (modeled estimate, per 100,000 live births)",Maternal mortality ratio,Health outcomes,"Per 100,000 live births",Annual,"Trends in Maternal Mortality, World Health Organization (WHO), uri: https://www.who.int/news/item/23-02-2023-a-woman-dies-every-two-minutes-due-to-pregnancy-or-childbirth--un-agencies;
UN Children's Fund (UNICEF), note: Trends in Maternal Mortality;
UN Population Fund (UNFPA), note: Trends in Maternal Mortality;
World Bank Group (WBG), note: Trends in Maternal Mortality",CC BY-4.0,PASS,"Maternal mortality ratio is the number of women who die from pregnancy-related causes while pregnant or within 42 days of pregnancy termination per 100,000 live births. The data are estimated with a regression model using information on the proportion of maternal deaths among non-AIDS deaths in women ages 15-49, fertility, birth attendants, and GDP measured using purchasing power parities (PPPs).","The methodology differs from that used for previous estimates, so data should not be compared historically. Maternal mortality ratios are generally of unknown reliability, as are many other cause-specific mortality indicators. The ratios cannot be assumed to provide an exact estimate of maternal mortality."
SH.STA.SMSS.ZS,People using safely managed sanitation services (% of population),Safely managed sanitation,Social determinants,% of population,Annual,"WHO/UNICEF Joint Monitoring Programme (JMP) for Water Supply, Sanitation and Hygiene, World Health Organization (WHO), uri: washdata.org, note: Aggregate data by groups are computed based on the groupings for the World Bank fiscal year in which the data was released by the WHO/UNICEF Joint Monitoring Programme (JMP) for Water Supply, Sanitation and Hygiene., publisher: WHO/UNICEF Joint Monitoring Programme (JMP) for Water Supply, Sanitation and Hygiene (washdata.org), date accessed: 2025-09-30, date published: 2025-08-25;
UN Children's Fund (UNICEF), uri: washdata.org, note: WHO/UNICEF Joint Monitoring Programme (JMP) for Water Supply, Sanitation and Hygiene",CC BY-4.0,PASS,"The percentage of people using improved sanitation facilities that are not shared with other households and where excreta are safely disposed of in situ or transported and treated offsite. Improved sanitation facilities include flush/pour flush to piped sewer systems, septic tanks or pit latrines: ventilated improved pit latrines, composting toilets or pit latrines with slabs.","There are three main ways to meet the criteria for having a safely managed sanitation service (People should use improved sanitation facilities that are not shared with other households, and the excreta produced should either be: treated and disposed of in situ; stored temporarily and then emptied, transported and treated off-site, or transported through a sewer with wastewater and then treated off-site).  Many countries lack information on either wastewater treatment or the management of on-site sanitation. A national estimate is produced if information is available for the dominant type of sanitation system.  If no information is available, it is assumed that 50 percent is safely managed.  Regional and income group estimates are made when data are available for at least 30 percent of the population."
SH.TBS.INCD,"Incidence of tuberculosis (per 100,000 people)",Tuberculosis incidence,NCD & disease burden,"Per 100,000 people",Annual,"Global Tuberculosis Report, World Health Organization (WHO)",CC BY-4.0,PASS,"Incidence of tuberculosis is the estimated number of new and relapse tuberculosis cases arising in a given year, expressed as the rate per 100,000 population. All forms of TB are included, including cases in people living with HIV. Estimates for all years are recalculated as new information becomes available and techniques are refined, so they may differ from those published previously.","The limited availability of data on health status is a major constraint in assessing the health situation in developing countries. Surveillance data are lacking for many major public health concerns. Estimates of prevalence and incidence are available for some diseases but are often unreliable and incomplete. National health authorities differ widely in capacity and willingness to collect or report information. To compensate for this and improve reliability and international comparability, the World Health Organization (WHO) prepares estimates in accordance with epidemiological models and statistical standards.



Uncertainty bounds for the incidence are available at http://data.worldbank.org"
SH.XPD.CHEX.GD.ZS,Current health expenditure (% of GDP),Current health expenditure (% GDP),Health system,Percentage,Annual,"Global Health Expenditure Database, updated December 12th, 2025, World Health Organization (WHO), uri: https://apps.who.int/nha/database",CC BY-4.0,PASS,"Level of current health expenditure expressed as a percentage of GDP.  Estimates of current health expenditures include healthcare goods and services consumed during each year. This indicator does not include capital health expenditures such as buildings, machinery, IT and stocks of vaccines for emergency or outbreaks.",
SH.XPD.CHEX.PC.CD,Current health expenditure per capita (current US$),Health expenditure per capita,Health system,current US$,Annual,"Global Health Expenditure Database, updated December 12th, 2025, World Health Organization (WHO), uri: http://apps.who.int/nha/database",CC BY-4.0,PASS,Current expenditures on health per capita in current US dollars. Estimates of current health expenditures include healthcare goods and services consumed during each year.,
SH.XPD.OOPC.CH.ZS,Out-of-pocket expenditure (% of current health expenditure),Out-of-pocket share of health expenditure,Health system,Percentage,Annual,"Global Health Expenditure Database, updated December 12th, 2025, World Health Organization (WHO), uri: http://apps.who.int/nha/database",CC BY-4.0,PASS,Share of out-of-pocket payments of total current health expenditures.  Out-of-pocket payments are spending on health directly out-of-pocket by households.,
SH_UHC_SCI,UHC service coverage index,UHC service coverage index,Health system,index,Annual,"Universal Health Coverage Dataset, World Health Organization (WHO), uri: https://www.who.int/data/gho/data/indicators/indicator-details/GHO/uhc-index-of-service-coverage",CC BY-4.0,PASS,"A composite index representing coverage of essential health services based on 14 tracer indicators in the areas of reproductive, maternal, newborn and child health, infectious diseases, noncommunicable diseases and service capacity and access. It is presented on a scale of 0 to 100 index points.",
SI.POV.DDAY,Poverty headcount ratio at $3.00 a day (2021 PPP) (% of population),Poverty headcount at international poverty line,Social determinants,%,Annual,"World Bank, Poverty and Inequality Platform. Data are based on primary household survey data obtained from government statistical agencies and World Bank country departments. Data for high-income economies are mostly from the Luxembourg Income Study database. For more information and methodology, please see http://pip.worldbank.org., World Bank (WB), uri: http://pip.worldbank.org, note: Data are based on primary household survey data obtained from government statistical agencies and World Bank country departments. Data for high-income economies are mostly from the Luxembourg Income Study database.",CC BY-4.0,PASS,"Poverty headcount ratio at $3.00 a day is the percentage of the population living on less than $3.00 a day at 2021 purchasing power adjusted prices. As a result of revisions in PPP exchange rates, poverty rates for individual countries cannot be compared with poverty rates reported in earlier editions.","Despite progress in the last decade, the challenges of measuring poverty remain. The timeliness, frequency, quality, and comparability of household surveys need to increase substantially, particularly in the poorest countries. The availability and quality of poverty monitoring data remains low in small states, countries with fragile situations, and low-income countries and even some middle-income countries. The low frequency and lack of comparability of the data available in some countries create uncertainty over the magnitude of poverty reduction. 







Besides the frequency and timeliness of survey data, other data quality issues arise in measuring household living standards. The surveys ask detailed questions on sources of income and how it was spent, which must be carefully recorded by trained personnel. Income is generally more difficult to measure accurately, and consumption comes closer to the notion of living standards. And income can vary over time even if living standards do not. But consumption data are not always available: the latest estimates reported here use consumption data for about two-thirds of countries.







However, even similar surveys may not be strictly comparable because of differences in timing or in the quality and training of enumerators. Comparisons of countries at different levels of development also pose a potential problem because of differences in the relative importance of the consumption of nonmarket goods. The local market value of all consumption in kind (including own production, particularly important in underdeveloped rural economies) should be included in total consumption expenditure but may not be. Most survey data now include valuations for consumption or income from own production, but valuation methods vary."
SL.UEM.TOTL.ZS,"Unemployment, total (% of total labor force) (modeled ILO estimate)",Unemployment rate,Social determinants,% of total labor force,Annual,"ILO Modelled Estimates database (ILOEST), International Labour Organization (ILO), uri: https://ilostat.ilo.org/data/bulk/, publisher: ILOSTAT, type: external database, date accessed: January 17, 2026",CC BY-4.0,PASS,Unemployment refers to the share of the labor force that is without work but available for and seeking employment.,"While the unemployment rate may be considered the most informative labour market indicator, reflecting the general performance of the labour market and the economy as a whole, it should not be interpreted as a measure of economic hardship or of well-being. When based on the internationally-recommended standards, the unemployment rate simply reflects the proportion of the labour force that does not have a job but is available and actively looking for work. It says nothing about the economic resources of unemployed workers or their family members. Its use should, therefore, be limited to serving as a measurement of the utilization of labour and an indication of the failure to find work. Other measures, including income-related indicators, would be needed to evaluate economic hardship. An additional criticism of the aggregate unemployment measure is that it masks information on the composition of the jobless population and therefore misses out on the particularities of the education level, ethnic origin, socio-economic background, work experience, etc. of the unemployed. Moreover, the unemployment rate says nothing about the type of unemployment – whether it is cyclical and short-term or structural and long-term – which is a critical issue for policy makers in the development of their policy responses, especially given that structural unemployment cannot be addressed by boosting market demand only."
SP.DYN.CBRT.IN,"Birth rate, crude (per 1,000 people)",Crude birth rate,Social determinants,Per 1000 people,Annual,"World Population Prospects, United Nations (UN), publisher: UN Population Division;
Statistical databases and publications from national statistical offices, National Statistical Offices (NSOs);
Demographic Statistics, Eurostat (ESTAT);
Population and Vital Statistics Report (various years), United Nations (UN), publisher: UN Statistical Division",CC BY-4.0,PASS,"Crude birth rate indicates the number of live births occurring during the year, per 1,000 population estimated at midyear. Subtracting the crude death rate from the crude birth rate provides the rate of natural increase, which is equal to the rate of population change in the absence of migration.","Vital registers are the preferred source for these data, but in many developing countries systems for registering births and deaths are absent or incomplete because of deficiencies in the coverage of events or geographic areas. Many developing countries carry out special household surveys that ask respondents about recent births and deaths. Estimates derived in this way are subject to sampling errors and recall errors."
SP.DYN.CDRT.IN,"Death rate, crude (per 1,000 people)",Crude death rate,Health outcomes,Per 1000 people,Annual,"World Population Prospects, United Nations (UN), publisher: UN Population Division;
Statistical databases and publications from national statistical offices, National Statistical Offices (NSOs);
Demographic Statistics, Eurostat (ESTAT);
Population and Vital Statistics Report (various years), United Nations (UN), publisher: UN Statistical Division",CC BY-4.0,PASS,"Crude death rate indicates the number of deaths occurring during the year, per 1,000 population estimated at midyear. Subtracting the crude death rate from the crude birth rate provides the rate of natural increase, which is equal to the rate of population change in the absence of migration.","Vital registers are the preferred source for these data, but in many developing countries systems for registering births and deaths are absent or incomplete because of deficiencies in the coverage of events or geographic areas. Many developing countries carry out special household surveys that ask respondents about recent births and deaths. Estimates derived in this way are subject to sampling errors and recall errors."
SP.DYN.IMRT.IN,"Mortality rate, infant (per 1,000 live births)",Infant mortality,Health outcomes,Per 1000 live births,Annual,"UN Inter-agency Group for Child Mortality Estimation, UN Children's Fund (UNICEF), uri: www.childmortality.org;
World Health Organization (WHO), uri: www.childmortality.org, note: UN Inter-agency Group for Child Mortality Estimation;
World Bank (WB), uri: www.childmortality.org, note: UN Inter-agency Group for Child Mortality Estimation;
United Nations (UN), uri: www.childmortality.org, note: UN Inter-agency Group for Child Mortality Estimation, publisher: UN Population Division",CC BY-4.0,PASS,"Infant mortality rate is the number of infants dying before reaching one year of age, per 1,000 live births in a given year.","Complete vital registration systems are fairly uncommon in developing countries. Thus estimates must be obtained from sample surveys or derived by applying indirect estimation techniques to registration, census, or survey data. Survey data are subject to recall error, and surveys estimating infant/child deaths require large samples because households in which a birth has occurred during a given year cannot ordinarily be preselected for sampling. Indirect estimates rely on model life tables that may be inappropriate for the population concerned. Extrapolations based on outdated surveys may not be reliable for monitoring changes in health status or for comparative analytical work."
SP.DYN.LE00.IN,"Life expectancy at birth, total (years)",Life expectancy at birth,Health outcomes,Years,Annual,"World Population Prospects, United Nations (UN), uri: UN Population Division;
Statistical databases and publications from national statistical offices, National Statistical Offices (NSOs), note: Derived from male and female life expectancy at birth from sources such as statistical databases and publications from national statistical offices.;
Demographic Statistics, Eurostat (ESTAT), note: Derived from male and female life expectancy at birth from sources such as Eurostat: Demographic Statistics.",CC BY-4.0,PASS,Life expectancy at birth indicates the number of years a newborn infant would live if prevailing patterns of mortality at the time of its birth were to stay the same throughout its life.,Annual data series from United Nations Population Division's World Population Prospects are interpolated data from 5-year period data. Therefore they may not reflect real events as much as observed data.
SP.DYN.TFRT.IN,"Fertility rate, total (births per woman)",Fertility rate,Social determinants,Births per woman,Annual,"World Population Prospects, United Nations (UN), publisher: UN Population Division;
Statistical databases and publications from national statistical offices, National Statistical Offices (NSOs);
Demographic Statistics, Eurostat (ESTAT)",CC BY-4.0,PASS,Total fertility rate represents the number of children that would be born to a woman if she were to live to the end of her childbearing years and bear children in accordance with age-specific fertility rates of the specified year.,Annual data series from United Nations Population Division's World Population Prospects are interpolated data from 5-year period data. Therefore they may not reflect real events as much as observed data.
SP.POP.65UP.TO.ZS,Population ages 65 and above (% of total population),Population age 65+,Social determinants,Percentage,Annual,"World Population Prospects, United Nations (UN), publisher: UN Population Division",CC BY-4.0,PASS,"Population ages 65 and above as a percentage of the total population. Population is based on the de facto definition of population, which counts all residents regardless of legal status or citizenship.","Because the five-year age group is the cohort unit and five-year period data are used in the United Nations Population Division's World Population Prospects, interpolations to obtain annual data or single age structure may not reflect actual events or age composition. For more information, see the original source."
SP.POP.TOTL,"Population, total",Population,Social determinants,Unit,Annual,"World Population Prospects, United Nations (UN), uri: https://population.un.org/wpp/, publisher: UN Population Division;
Statistical databases and publications from national statistical offices, National Statistical Offices (NSOs), uri: https://unstats.un.org/home/nso_sites/, publisher: National Statistical Offices;
Eurostat: Demographic Statistics, Eurostat (ESTAT), uri: https://ec.europa.eu/eurostat/data/database?node_code=earn_ses_monthly, publisher: Eurostat;
Population and Vital Statistics Report (various years), United Nations (UN), uri: https://unstats.un.org, publisher: UN Statistics Division",CC BY-4.0,PASS,"Total population is based on the de facto definition of population, which counts all residents regardless of legal status or citizenship. The values shown are midyear estimates.","Current population estimates for developing countries that lack (i) reliable recent census data, and (ii) pre- and post-census estimates for countries with census data, are provided by the United Nations Population Division and other agencies. 



The cohort component method - a standard method for estimating and projecting population - requires fertility, mortality, and net migration data, often collected from sample surveys, which can be small or limited in coverage. Population estimates are from demographic modeling and so are susceptible to biases and errors from shortcomings in both the model and the data.



Because future trends cannot be known with certainty, population projections have a wide range of uncertainty."
SP.URB.TOTL.IN.ZS,Urban population (% of total population),Urban population share,Social determinants,Percentage,Annual,"World Urbanization Prospects, United Nations (UN), uri: https://population.un.org/wup/, note: United Nations Population Division's World Urbanization Prospects, National definitions, publisher: UN Population Division",CC BY-4.0,PASS,Urban population refers to people living in urban areas as defined by national statistical offices. The data are collected and smoothed by United Nations Population Division.,"Aggregation of urban and rural population may not add up to total population because of different country coverage.

Most countries use an urban classification related to the size or characteristics of settlements. Some define urban areas based on the presence of certain infrastructure and services. And other countries designate urban areas based on administrative arrangements. Because of national differences in the characteristics that distinguish urban from rural areas, the distinction between urban and rural population is not amenable to a single definition that would be applicable to all countries.

Estimates of the world's urban population would change significantly if China, India, and a few other populous nations were to change their definition of urban centers.

Because the estimates of city and metropolitan area are based on national definitions of what constitutes a city or metropolitan area, cross-country comparisons should be made with caution."
