CONTENTS,END_PRD_DE,FULL_PATH_ID,ITEM03,LINK_URL,MT_ATITLE,ORG_ID,ORG_NM,QUERY,REC_TBL_SE,STAT_DB_CNT,STAT_ID,STAT_NM,STRT_PRD_DE,TBL_ID,TBL_NM,TBL_VIEW_URL,VW_CD,_keyword
시군구별 조율 표준화율표준오차 조율표준오차 응답자수 표준화율 함양군 합천군 고성군 남해군 산청군 통영시 의령군 창녕군 하동군 양산시 김해시 함안군 거창군 마산 진해 창원 서귀포시 제주시 서부 구미 선산 남구 북구 밀양시 거제시 창원시 사천시 진주시 관악구 구로구 영등포구 강서구 금천구 동작구 성동구 양천구 중구 강남구 강북구 노원구 서대문구 은평구 중랑구 광진구 종로구 송파구 마포구 도봉구 동대문구 서초구 성북구 강동구 용산구 금정구 동구 사하구 서구 해운대구 부산진구 ...,2019,F > F_001 > F_001_004 > F_001_004_001,"ㅇ정의: 버스(광역 시내, 시외버스, 전세버스)를 탈 때 안전벨트를 항상 착용하는 사람의 분율(%) ㅇ해당 문항은 2014년부터 조사 실시",http://kosis.kr/statHtml/statHtml.do?orgId=177&tblId=DT_117075_BUSBELT_WEAR,보건 > 지역사회건강조사 > 안전의식(손상) 및 심폐소생술 > 안전의식(손상),177,질병관리청,지역사회건강조사,N,5050,2008057,지역사회건강조사,2014,DT_117075_BUSBELT_WEAR,시·군·구별 버스 안전벨트 착용률,https://kosis.kr/statisticsList/statisticsListIndex.do?menuId=M_01_01&vwcd=MT_ZTITLE&parmTabId=M_01_01&parentId=F.1;F_001.2;F_001_004.3;F_001_004_001.4;,MT_ZTITLE,지역사회건강조사
시군구별 조율표준오차 표준화율 응답자수 조율 표준화율표준오차 영등포구 중랑구 기장군 남구 수영구 수성구 군위군 강화군 북구 중구 세종특별자치시 김포시 남양주 풍양 양주시 하남시 권선구 영통구 안성시 오산시 서부 고성군 양구군 철원군 서원구 계룡시 천안시 목포시 전라남도 광양시 나주시 고령군 상주시 영양군 고성군 김해시 통영시 합천군 서부 강북구 서초구 연제구 달서구 북구 동구 중구 일산서구 동두천시 연천군 광주시 분당구 수지구 강원특별자치도 삼척시 양양군 보은군 서산시 ...,2025,F > F_001 > F_001_002 > F_001_002_002,"○ 정의: 본인의 혈당수치를 알고 있는 분율(%) ○ 해당 문항은 2011년부터 조사를 실시하였으며, 순환주기에 따라 2012년, 2015년에는 조사를 실시하지 않음 ○ 2023년부터 ＂군위군＂ 관할구역 변경: (기존) 경상북도 -> (변경후) 대구광역시",http://kosis.kr/statHtml/statHtml.do?orgId=177&tblId=DT_117075_DIA_AWAR,보건 > 지역사회건강조사 > 이환 및 의료이용 > 당뇨병,177,질병관리청,지역사회건강조사,N,5050,2008057,지역사회건강조사,2011,DT_117075_DIA_AWAR,시·군·구별 혈당수치 인지율,https://kosis.kr/statisticsList/statisticsListIndex.do?menuId=M_01_01&vwcd=MT_ZTITLE&parmTabId=M_01_01&parentId=F.1;F_001.2;F_001_002.3;F_001_002_002.4;,MT_ZTITLE,지역사회건강조사
시도별 표준화율표준오차 조율표준오차 응답자수 조율 표준화율 부산광역시 광주광역시 울산광역시 전북특별자치도 전라남도 경상남도 세종특별자치시 제주특별자치도 경기도 강원특별자치도 충청남도 서울특별시 인천광역시 대전광역시 대구광역시 충청북도 경상북도,2025,F > F_001 > F_001_002 > F_001_002_002,"○ 정의: 의사에게 당뇨병을 진단받은 30세 이상 사람 중 평생 일반담배(궐련)를 5갑(100개비) 이상 흡연한 사람으로서 현재 흡연하는 남자(＂매일 피움＂ 또는 ＂가끔 피움＂)의 분율(%) ○ 해당 지표는 ＂30세 이상 남자 당뇨병 진단 경험자＂로 분모를 제한하여 산출하므로, 통계의 안정성을 위해 시·군·구 단위 결과를 산출하지 않음 ○ * : 변동계수(coefficient fo variation) 25-50%, ** : 변동계수 50% 이상",http://kosis.kr/statHtml/statHtml.do?orgId=177&tblId=DT_117075_DIA_DOCTOR_SM_MALE,보건 > 지역사회건강조사 > 이환 및 의료이용 > 당뇨병,177,질병관리청,지역사회건강조사,N,5050,2008057,지역사회건강조사,2008,DT_117075_DIA_DOCTOR_SM_MALE,시·도별 당뇨병 진단 경험자(30세 이상)의 남자 현재흡연율,https://kosis.kr/statisticsList/statisticsListIndex.do?menuId=M_01_01&vwcd=MT_ZTITLE&parmTabId=M_01_01&parentId=F.1;F_001.2;F_001_002.3;F_001_002_002.4;,MT_ZTITLE,지역사회건강조사
시도별 조율표준오차 표준화율 표준화율표준오차 조율 응답자수 충청북도 대전광역시 대구광역시 경기도 경상남도 세종특별자치시 제주특별자치도 울산광역시 전북특별자치도 인천광역시 광주광역시 경상북도 강원특별자치도 충청남도 전라남도 서울특별시 부산광역시,2025,F > F_001 > F_001_002 > F_001_002_002,"○ 정의: 의사에게 당뇨병을 진단받은 30세 이상 사람 중 최근 1주일 동안 1회 10분 이상, 1일 30분 이상 걷기를 주 5일 이상 실천한 분율(%) ○ 해당 지표는 ＂30세 이상 당뇨병 진단 경험자＂로 분모를 제한하여 산출하므로, 통계의 안정성을 위해 시·군·구 단위 결과를 산출하지 않음",http://kosis.kr/statHtml/statHtml.do?orgId=177&tblId=DT_117075_DIA_DOCTOR_WALK,보건 > 지역사회건강조사 > 이환 및 의료이용 > 당뇨병,177,질병관리청,지역사회건강조사,N,5050,2008057,지역사회건강조사,2008,DT_117075_DIA_DOCTOR_WALK,시·도별 당뇨병 진단 경험자(30세 이상)의 걷기 실천율,https://kosis.kr/statisticsList/statisticsListIndex.do?menuId=M_01_01&vwcd=MT_ZTITLE&parmTabId=M_01_01&parentId=F.1;F_001.2;F_001_002.3;F_001_002_002.4;,MT_ZTITLE,지역사회건강조사
시군구별 조율표준오차 표준화율 조율 표준화율표준오차 응답자수 광진구 성북구 은평구 중구 북구 인천광역시 강화군 유성구 북구 일산서구 과천시 동두천시 오정구 단원구 안성시 동안구 기흥구 동해시 영월군 인제군 홍천군 화천군 충청북도 제천시 증평군 서원구 금산군 논산시 서천군 청양군 태안군 고창군 김제시 남원시 전주시 전라남도 진도군 화순군 경주시 고령군 구미시 문경시 영양군 칠곡군 김해시 마산 사천시 산청군 강남구 관악구 양천구 용산구 동래구 사하구 연제구 영도구 미추홀구 ...,2025,F > F_001 > F_001_001 > F_001_001_006,○ 2022년 지표명 변경(이전 지표명: 아침결식 예방인구비율) ○ 2023년부터 ＂군위군＂ 관할구역 변경: (기존) 경상북도 -> (변경후) 대구광역시 ○ 정의: 최근 1주일 동안 주 평균 아침식사를 5일 이상 한 분율(%),http://kosis.kr/statHtml/statHtml.do?orgId=177&tblId=DT_117075_DIE_BF02,보건 > 지역사회건강조사 > 건강행태 > 식생활,177,질병관리청,지역사회건강조사,N,5050,2008057,지역사회건강조사,2019,DT_117075_DIE_BF02,시·군·구별 아침식사 실천율,https://kosis.kr/statisticsList/statisticsListIndex.do?menuId=M_01_01&vwcd=MT_ZTITLE&parmTabId=M_01_01&parentId=F.1;F_001.2;F_001_001.3;F_001_001_006.4;,MT_ZTITLE,지역사회건강조사
시군구별 표준화율표준오차 조율표준오차 조율 응답자수 표준화율 동대문구 동작구 영등포구 중랑구 금산군 보령시 부여군 예산군 청양군 공주시 논산시 서산시 서천군 연기군 홍성군 계룡시 당진시 정읍시 무주군 제주시 읍면 서귀포시 읍면 제주시 제주 동부 서부 서부 동부 전라남도 제주특별자치도 서울특별시 대구광역시 인천광역시 울산광역시 경기도 충청북도 충청남도 강원도 경상남도 전라북도 세종특별자치시 경상북도 광주광역시 부산광역시 대전광역시 북구 남구 달서구 서구 남동구 연수구 미추...,2018,F > F_001 > F_001_001 > F_001_001_006,"ㅇ정의: 최근 1주일 동안 아침식사를 주 5회 이상 먹은 사람의 분율(%) ㅇ해당 문항은 2010년부터 조사를 실시하였으나, 2019년 문항 변경으로 2010-2018년 시계열 단절이 발생",http://kosis.kr/statHtml/statHtml.do?orgId=177&tblId=DT_117075_DIE_BREAKFAST,보건 > 지역사회건강조사 > 건강행태 > 식생활,177,질병관리청,지역사회건강조사,N,5050,2008057,지역사회건강조사,2010,DT_117075_DIE_BREAKFAST,시·군·구별 아침결식 예방인구비율,https://kosis.kr/statisticsList/statisticsListIndex.do?menuId=M_01_01&vwcd=MT_ZTITLE&parmTabId=M_01_01&parentId=F.1;F_001.2;F_001_001.3;F_001_001_006.4;,MT_ZTITLE,지역사회건강조사
시군구별 조율표준오차 표준화율 조율 응답자수 표준화율표준오차 강동구 서대문구 성북구 금천구 강서구 노원구 도봉구 성동구 은평구 종로구 관악구 서초구 영등포구 용산구 강남구 강북구 광진구 동작구 구로구 동대문구 마포구 송파구 양천구 중구 중랑구 강서구 영도구 북구 수영구 금정구 동구 해운대구 동래구 부산진구 중구 남구 사상구 서구 연제구 기장군 사하구 달서구 북구 서구 남구 동구 중구 달성군 수성구 서구 연수구 옹진군 강화군 계양구 중구 동구 부평구 미추홀구 남동구 서구 ...,2019,F > F_001 > F_001_001 > F_001_001_006,"평소 식습관, 조리음식 등에서 저염선호하는 사람의 분율로 3문항 중 한 가지만 선택한 경우의 사람의 분율(%)로 정의한다. 해당 문항은 2018년에 조사하지 않음",http://kosis.kr/statHtml/statHtml.do?orgId=177&tblId=DT_117075_DIE_LOW_SALT_1,보건 > 지역사회건강조사 > 건강행태 > 식생활,177,질병관리청,지역사회건강조사,N,5050,2008057,지역사회건강조사,2008,DT_117075_DIE_LOW_SALT_1,시·군·구별 저염선호율(type I),https://kosis.kr/statisticsList/statisticsListIndex.do?menuId=M_01_01&vwcd=MT_ZTITLE&parmTabId=M_01_01&parentId=F.1;F_001.2;F_001_001.3;F_001_001_006.4;,MT_ZTITLE,지역사회건강조사
시군구별 표준화율표준오차 조율 조율표준오차 표준화율 응답자수 평택 송탄 영월군 철원군 평창군 홍천군 삼척시 동해시 속초시 양구군 춘천시 횡성군 화천군 원주시 인제군 정선군 태백시 강릉시 고성군 청원군 단양군 보은군 흥덕구 청원구 상당구 서원구 당진시 예산군 홍성군 논산시 계룡시 서천군 태안군 아산시 연기군 공주시 보령시 부여군 청양군 금산군 서산시 천안시 무주군 순창군 익산시 김제시 남원시 부안군 진안군 고창군 임실군 장수군 정읍시 군산시 전주시 완주군 고흥군 강진군 신...,2019,F > F_001 > F_001_001 > F_001_001_009,"ㅇ정의: 건강관련 삶의 질의 5가지 차원(운동능력, 자기관리, 일상 활동, 통증/불편, 불안/우울)의 기술체계를 종합한 지표",http://kosis.kr/statHtml/statHtml.do?orgId=177&tblId=DT_117075_HEALTH_EQ_5D,보건 > 지역사회건강조사 > 건강행태 > 활동제한 및 삶의 질,177,질병관리청,지역사회건강조사,N,5050,2008057,지역사회건강조사,2008,DT_117075_HEALTH_EQ_5D,시·군·구별 삶의 질 지수(EQ-5D Index),https://kosis.kr/statisticsList/statisticsListIndex.do?menuId=M_01_01&vwcd=MT_ZTITLE&parmTabId=M_01_01&parentId=F.1;F_001.2;F_001_001.3;F_001_001_009.4;,MT_ZTITLE,지역사회건강조사
시군구별 표준화율 표준화율표준오차 응답자수 조율 조율표준오차 관악구 용산구 종로구 남구 부산진구 서구 해운대구 달성군 중구 연수구 중구 광산구 경기도 양평군 의정부시 포천시 수원시 영통구 안양시 고성군 인제군 진천군 연기군 전주시 무안군 장성군 경산시 봉화군 고령군 영덕군 울진군 청도군 북구 경상남도 사천시 동부 서부 서대문구 영등포구 중랑구 사상구 연제구 중구 대구광역시 남구 동구 군위군 서구 고양시 부천시 군포시 성남시 용인시 처인구 의왕시 서부 동탄 강원특별자치도 ...,2025,F > F_001 > F_001_002 > F_001_002_001,"○ 정의: 본인의 혈압수치를 알고 있는 분율(%) ○ 해당 문항은 2011년부터 조사를 실시하였으며, 순환주기에 따라 2012년, 2015년에는 조사를 실시하지 않음 ○ 2023년부터 ＂군위군＂ 관할구역 변경: (기존) 경상북도 -> (변경후) 대구광역시",http://kosis.kr/statHtml/statHtml.do?orgId=177&tblId=DT_117075_HYPER_AWAR,보건 > 지역사회건강조사 > 이환 및 의료이용 > 고혈압,177,질병관리청,지역사회건강조사,N,5050,2008057,지역사회건강조사,2011,DT_117075_HYPER_AWAR,시·군·구별 혈압수치 인지율,https://kosis.kr/statisticsList/statisticsListIndex.do?menuId=M_01_01&vwcd=MT_ZTITLE&parmTabId=M_01_01&parentId=F.1;F_001.2;F_001_002.3;F_001_002_001.4;,MT_ZTITLE,지역사회건강조사
시도별 표준화율 응답자수 조율표준오차 표준화율표준오차 조율 대구광역시 경기도 경상북도 충청남도 서울특별시 대전광역시 강원특별자치도 전라남도 광주광역시 인천광역시 울산광역시 세종특별자치시 충청북도 전북특별자치도 부산광역시 제주특별자치도 경상남도,2025,F > F_001 > F_001_002 > F_001_002_001,"○ 정의: 의사에게 고혈압을 진단받은 30세 이상 사람 중 평생 일반담배(궐련)를 5갑(100개비) 이상 흡연한 사람으로서 현재 흡연하는 남자(＂매일 피움＂ 또는 ＂가끔 피움＂)의 분율(%) ○ 해당 지표는 ＂30세 이상 남자 고혈압 진단 경험자＂로 분모를 제한하여 산출하므로, 통계의 안정성을 위하여 시·군·구 단위 결과를 산출하지 않음",http://kosis.kr/statHtml/statHtml.do?orgId=177&tblId=DT_117075_HYPER_DOCTOR_SM_MALE,보건 > 지역사회건강조사 > 이환 및 의료이용 > 고혈압,177,질병관리청,지역사회건강조사,N,5050,2008057,지역사회건강조사,2008,DT_117075_HYPER_DOCTOR_SM_MALE,시·도별 고혈압 진단 경험자(30세 이상)의 남자 현재흡연율,https://kosis.kr/statisticsList/statisticsListIndex.do?menuId=M_01_01&vwcd=MT_ZTITLE&parmTabId=M_01_01&parentId=F.1;F_001.2;F_001_002.3;F_001_002_001.4;,MT_ZTITLE,지역사회건강조사
시도별 조율표준오차 조율 응답자수 표준화율 표준화율표준오차 강원특별자치도 전북특별자치도 경상남도 부산광역시 제주특별자치도 광주광역시 울산광역시 전라남도 서울특별시 경기도 충청북도 충청남도 경상북도 대구광역시 인천광역시 대전광역시 세종특별자치시,2025,F > F_001 > F_001_002 > F_001_002_001,"○ 정의: 의사에게 고혈압 진단받은 30세 이상 사람 중 최근 1주일 동안 1회 10분 이상, 1일 30분 이상 걷기를 주 5일 이상 실천한 분율(%) ○ 해당 지표는 ＂30세 이상 고혈압 진단 경험자＂로 분모를 제한하여 산출하므로, 통계의 안정성을 위하여 시·군·구 단위 결과를 산출하지 않음",http://kosis.kr/statHtml/statHtml.do?orgId=177&tblId=DT_117075_HYPER_DOCTOR_WALK,보건 > 지역사회건강조사 > 이환 및 의료이용 > 고혈압,177,질병관리청,지역사회건강조사,N,5050,2008057,지역사회건강조사,2008,DT_117075_HYPER_DOCTOR_WALK,시·도별 고혈압 진단 경험자(30세 이상)의 걷기 실천율,https://kosis.kr/statisticsList/statisticsListIndex.do?menuId=M_01_01&vwcd=MT_ZTITLE&parmTabId=M_01_01&parentId=F.1;F_001.2;F_001_002.3;F_001_002_001.4;,MT_ZTITLE,지역사회건강조사
시군구별 조율표준오차 조율 응답자수 표준화율 표준화율표준오차 동작구 영등포구 동구 중구 해운대구 대덕구 중구 남구 광주시 군포시 수지구 평택시 송탄 화성시 동탄 강릉시 양구군 원주시 괴산군 영동군 서원구 계룡시 아산시 군산시 남원시 순창군 장성군 진도군 고령군 구미 선산 의성군 칠곡군 경상남도 거창군 남해군 창원 진주시 강남구 광진구 송파구 부산진구 사하구 달서구 수성구 중구 충청남도 부안군 곡성군 광양시 순천시 신안군 함평군 군위군 상주시 성주군 예천군 울진군 청송군 ...,2025,F > F_001 > F_001_004 > F_001_004_001,"○ 정의: 자동차나 택시 뒷좌석에 탈 때 안전벨트를 항상 착용하는 분율(%) ○ 해당 문항은 2014년부터 조사 실시 ○ * : 변동계수(coefficient fo variation) 25-50%, ** : 변동계수 50% 이상 ○ 2023년부터 ＂군위군＂ 관할구역 변경: (기존) 경상북도 -> (변경후) 대구광역시",http://kosis.kr/statHtml/statHtml.do?orgId=177&tblId=DT_117075_H_BELT_BACK,보건 > 지역사회건강조사 > 안전의식(손상) 및 심폐소생술 > 안전의식(손상),177,질병관리청,지역사회건강조사,N,5050,2008057,지역사회건강조사,2014,DT_117075_H_BELT_BACK,시·군·구별 동승차량 뒷좌석 안전벨트 착용률,https://kosis.kr/statisticsList/statisticsListIndex.do?menuId=M_01_01&vwcd=MT_ZTITLE&parmTabId=M_01_01&parentId=F.1;F_001.2;F_001_004.3;F_001_004_001.4;,MT_ZTITLE,지역사회건강조사
시군구별 조율 응답자수 표준화율 조율표준오차 표준화율표준오차 강남구 성동구 영등포구 중랑구 기장군 북구 해운대구 창원 밀양시 서부 강북구 구로구 송파구 동구 미추홀구 대전광역시 김포시 양평군 여주시 의정부시 하남시 광명시 군포시 분당구 장안구 수지구 원주시 진천군 청원군 당진시 남원시 순창군 익산시 광양시 여수시 함평군 경주시 봉화군 거창군 창원시 광진구 부산광역시 강서구 남구 서구 계양구 서구 옹진군 남양주시 남양주 풍양 양주시 연천군 포천시 영통구 안양시 동안구 송탄...,2025,F > F_001 > F_001_004 > F_001_004_001,"○ 정의: 최근 1년 동안 조금이라도 술을 마신 후 자동차 또는 오토바이를 운전한 적이 있는 사람의 분율(%) ○ 해당 문항은 2008년부터 조사를 실시하였으나, 2009년 문항 변경으로 2008년 시계열 단절이 발생 ○ * : 변동계수(coefficient fo variation) 25-50%, ** : 변동계수 50% 이상 ○ 2023년부터 ＂군위군＂ 관할구역 변경: (기존) 경상북도 -> (변경후) 대구광역시",http://kosis.kr/statHtml/statHtml.do?orgId=177&tblId=DT_117075_H_DR_DRIV,보건 > 지역사회건강조사 > 안전의식(손상) 및 심폐소생술 > 안전의식(손상),177,질병관리청,지역사회건강조사,N,5050,2008057,지역사회건강조사,2009,DT_117075_H_DR_DRIV,시·군·구별 자동차 또는 오토바이 운전자의 연간 음주운전 경험률,https://kosis.kr/statisticsList/statisticsListIndex.do?menuId=M_01_01&vwcd=MT_ZTITLE&parmTabId=M_01_01&parentId=F.1;F_001.2;F_001_004.3;F_001_004_001.4;,MT_ZTITLE,지역사회건강조사
시군구별 표준화율 조율 표준화율표준오차 응답자수 조율표준오차 남양주시 원미구 의정부시 이천시 파주시 수정구 안성시 기흥구 평택시 화성시 정선군 횡성군 영동군 청원군 금산군 보령시 부여군 강서구 서초구 영등포구 용산구 종로구 부산진구 사상구 계양구 서구 중구 동구 옹진군 울산광역시 울주군 가평군 덕양구 부천시 양주시 안산시 수지구 동탄 양양군 충청북도 청원구 계룡시 동남구 전주시 아산시 임실군 장수군 경주시 영천시 울진군 포항시 경상남도 거제시 고성군 김해시 밀양시 함양군...,2025,F > F_001 > F_001_001 > F_001_001_002,"○ * : 변동계수(coefficient fo variation) 25-50%, ** : 변동계수 50% 이상 ○ 2023년부터 ＂군위군＂ 관할구역 변경: (기존) 경상북도 -> (변경후) 대구광역시 ○ 정의: 최근 1년 동안 남자는 한 번의 술자리에서 7잔 이상(또는 맥주 5캔 정도), 여자는 5잔 이상(또는 맥주 3캔 정도)를 주 2회 이상 음주하는 분율(%)",http://kosis.kr/statHtml/statHtml.do?orgId=177&tblId=DT_117075_H_DR_HIGH_WH,보건 > 지역사회건강조사 > 건강행태 > 음주,177,질병관리청,지역사회건강조사,N,5050,2008057,지역사회건강조사,2008,DT_117075_H_DR_HIGH_WH,시·군·구별 고위험음주율,https://kosis.kr/statisticsList/statisticsListIndex.do?menuId=M_01_01&vwcd=MT_ZTITLE&parmTabId=M_01_01&parentId=F.1;F_001.2;F_001_001.3;F_001_001_002.4;,MT_ZTITLE,지역사회건강조사
시군구별 조율표준오차 표준화율 표준화율표준오차 조율 응답자수 해운대구 강화군 부평구 동구 세종특별자치시 일산동구 남양주 풍양 광명시 권선구 오산시 양양군 증평군 진천군 상당구 당진시 연기군 청양군 임실군 보성군 봉화군 영광군 장성군 군위군 영덕군 영양군 남구 양산시 제주 서울특별시 노원구 송파구 중구 기장군 동래구 부산진구 서구 중구 광주광역시 서구 팔달구 동안구 중구 북구 세종시 남양주시 동두천시 부천시 파주시 수원시 장안구 안양시 화성시 동해시 삼척시 양구군 태백시 ...,2025,F > F_001 > F_001_001 > F_001_001_005,"○ 2023년부터 ＂군위군＂ 관할구역 변경: (기존) 경상북도 -> (변경후) 대구광역시 ○ 정의: 금연, 절주, 걷기를 모두 실천하는 분율(%) ○ 금연, 절주, 걷기 실천자의 정의 - 금연 실천자: 평생 흡연해본 적이 없거나, 과거 흡연하였더라도 현재 금연하고 있는 사람 - 절주 실천자: 비음주자이거나, 최근 1년동안 술을 마셨더라도 한 번의 술자리에서 남자는 7잔 미만, 여자는 5잔 미만으로 주 1회 이하로 마신 사람 - 걷기 실천자: 최근 1주일 동안 1일 30분 이상 걷기를 주 5일 이상 실천한 사람",http://kosis.kr/statHtml/statHtml.do?orgId=177&tblId=DT_117075_H_HEALTHY,보건 > 지역사회건강조사 > 건강행태 > 건강생활실천,177,질병관리청,지역사회건강조사,N,5050,2008057,지역사회건강조사,2008,DT_117075_H_HEALTHY,시·군·구별 건강생활실천율,https://kosis.kr/statisticsList/statisticsListIndex.do?menuId=M_01_01&vwcd=MT_ZTITLE&parmTabId=M_01_01&parentId=F.1;F_001.2;F_001_001.3;F_001_001_005.4;,MT_ZTITLE,지역사회건강조사
시군구별 표준화율표준오차 조율표준오차 조율 응답자수 표준화율 남구 연제구 북구 중구 중구 세종특별자치시 가평군 양평군 광명시 광주시 중원구 수원시 서산시 성주군 거창군 창원시 동부 서울특별시 강남구 서대문구 성동구 영등포구 부산광역시 북구 사상구 달성군 동구 서구 수성구 옹진군 울산광역시 동구 북구 중구 세종시 고양시 일산서구 김포시 여주시 하남시 군포시 권선구 의왕시 고성군 철원군 횡성군 보은군 증평군 북구 밀양시 양산시 의령군 통영시 서귀포시 서부 관악구 용산구 종로...,2025,F > F_001 > F_001_001 > F_001_001_007,"○ 해당 문항은 2017년부터 조사 실시 ○ * : 변동계수(coefficient fo variation) 25-50%, ** : 변동계수 50% 이상 ○ 2023년부터 ＂군위군＂ 관할구역 변경: (기존) 경상북도 -> (변경후) 대구광역시 ○ 정의: 우울증선별도구(PHQ-9) 점수 총합이 10점 이상인 분율(%)",http://kosis.kr/statHtml/statHtml.do?orgId=177&tblId=DT_117075_H_MENTAL_DEPRESS_SYM,보건 > 지역사회건강조사 > 건강행태 > 정신건강,177,질병관리청,지역사회건강조사,N,5050,2008057,지역사회건강조사,2017,DT_117075_H_MENTAL_DEPRESS_SYM,시·군·구별 우울증상유병률,https://kosis.kr/statisticsList/statisticsListIndex.do?menuId=M_01_01&vwcd=MT_ZTITLE&parmTabId=M_01_01&parentId=F.1;F_001.2;F_001_001.3;F_001_001_007.4;,MT_ZTITLE,지역사회건강조사
시군구별 표준화율표준오차 조율표준오차 응답자수 표준화율 조율 시흥시 김포시 동두천시 부천시 가평군 여주시 고양시 구리시 파주시 군포시 안성시 강서구 동대문구 송파구 도봉구 서초구 중구 금천구 노원구 동작구 마포구 광진구 성북구 은평구 종로구 중랑구 관악구 서대문구 강동구 구로구 성동구 양천구 용산구 강남구 강북구 영등포구 사상구 사하구 서구 금정구 기장군 북구 해운대구 수영구 중구 동래구 강서구 남구 동구 연제구 영도구 부산진구 동구 달성군 북구 수성구 중구 남구 달서구...,2019,F > F_001 > F_001_001 > F_001_001_003,ㅇ정의: 체질량지수(kg/㎡)가 25이상인 사람의 분율(%) ㅇ해당 지표는 2018년부터 계측조사를 실시함에 따라 산출,http://kosis.kr/statHtml/statHtml.do?orgId=177&tblId=DT_117075_MEA_OBE,보건 > 지역사회건강조사 > 건강행태 > 비만 및 체중조절,177,질병관리청,지역사회건강조사,N,5050,2008057,지역사회건강조사,2018,DT_117075_MEA_OBE,시·군·구별 비만유병률,https://kosis.kr/statisticsList/statisticsListIndex.do?menuId=M_01_01&vwcd=MT_ZTITLE&parmTabId=M_01_01&parentId=F.1;F_001.2;F_001_001.3;F_001_001_003.4;,MT_ZTITLE,지역사회건강조사
시군구별 표준화율 응답자수 조율 조율표준오차 표준화율표준오차 강북구 구로구 영등포구 강서구 중구 서구 군위군 강화군 부평구 중구 광주광역시 중구 동구 북구 세종특별자치시 경기도 일산동구 양주시 광명시 광주시 단원구 기흥구 제천시 청원구 고창군 군산시 순창군 진안군 곡성군 광양시 신안군 함평군 경산시 고령군 군위군 김천시 영천시 예천군 울진군 의성군 진해 관악구 동작구 성북구 종로구 부산광역시 북구 서구 동구 중구 미추홀구 동구 옹진군 남구 서구 유성구 울산광역시 양평군 ...,2025,F > F_001 > F_001_002 > F_001_002_004,"- 갑자기 힘이 없으며, 어지럽고, 울렁거리거나 식은 땀이 난다 - 갑자기 가슴에 통증이나 압박감 또는 짓누르는 느낌이 있다 - 갑자기 팔 또는 어깨에 통증이나 불편감이 있다 - 갑자기 숨이 찬다 ○ 2023년부터 ＂군위군＂ 관할구역 변경: (기존) 경상북도 -> (변경후) 대구광역시 ○ 정의: 심근경색증 조기증상을 정확히 알고 있는 분율(%) ○ 해당 문항은 2017년부터 조사 실시 ○ 심근경색증 조기증상 문항 - 갑자기 턱, 목 또는 등쪽에 통증이나 답답함이 있다",http://kosis.kr/statHtml/statHtml.do?orgId=177&tblId=DT_117075_MYO_EARLY_SYM,보건 > 지역사회건강조사 > 이환 및 의료이용 > 심근경색증,177,질병관리청,지역사회건강조사,N,5050,2008057,지역사회건강조사,2017,DT_117075_MYO_EARLY_SYM,시·군·구별 심근경색증 조기증상 인지율,https://kosis.kr/statisticsList/statisticsListIndex.do?menuId=M_01_01&vwcd=MT_ZTITLE&parmTabId=M_01_01&parentId=F.1;F_001.2;F_001_002.3;F_001_002_004.4;,MT_ZTITLE,지역사회건강조사
시군구별 표준화율 응답자수 표준화율표준오차 조율표준오차 조율 강남구 관악구 동작구 사하구 군위군 인천광역시 동구 서구 오정구 의정부시 성남시 영통구 팔달구 안산시 상록구 처인구 화성시 춘천시 진천군 홍천군 횡성군 증평군 서원구 공주시 장수군 여수시 함평군 경산시 구미시 선산 안동시 영덕군 예천군 거제시 거창군 창원 서부 강동구 도봉구 성북구 양천구 수영구 연제구 영도구 남동구 중구 대덕구 유성구 울주군 세종특별자치시 과천시 남양주시 여주시 포천시 하남시 수정구 동안구 평...,2025,F > F_001 > F_001_002 > F_001_002_005,"○ * : 변동계수(coefficient fo variation) 25-50%, ** : 변동계수 50% 이상 ○ 2023년부터 ＂군위군＂ 관할구역 변경: (기존) 경상북도 -> (변경후) 대구광역시 ○ 정의: 최근 1년 동안 본인이 병의원(치과 제외)에 가고 싶을 때 가지 못한 사람의 분율(%)",http://kosis.kr/statHtml/statHtml.do?orgId=177&tblId=DT_117075_NECE_NTR02,보건 > 지역사회건강조사 > 이환 및 의료이용 > 의료이용,177,질병관리청,지역사회건강조사,N,5050,2008057,지역사회건강조사,2019,DT_117075_NECE_NTR02,시·군·구별 연간 미충족의료율(병의원),https://kosis.kr/statisticsList/statisticsListIndex.do?menuId=M_01_01&vwcd=MT_ZTITLE&parmTabId=M_01_01&parentId=F.1;F_001.2;F_001_002.3;F_001_002_005.4;,MT_ZTITLE,지역사회건강조사
시군구별 조율표준오차 응답자수 표준화율표준오차 조율 표준화율 마포구 용산구 은평구 광진구 성북구 송파구 구로구 동대문구 강서구 강남구 노원구 서초구 영등포구 종로구 중구 중랑구 강동구 관악구 서대문구 도봉구 양천구 강북구 금천구 동작구 성동구 강서구 북구 수영구 기장군 동구 권선구 팔달구 단원구 상록구 동안구 만안구 기흥구 수지구 처인구 송탄 평택 양구군 인제군 태백시 강릉시 홍천군 고성군 울릉군 안동시 영천시 경산시 김천시 포항시 경주시 영덕군 영주시 군위군 봉화군 의...,2019,F > F_001 > F_001_001 > F_001_001_001,,http://kosis.kr/statHtml/statHtml.do?orgId=177&tblId=DT_117075_SM_IND_HOME,보건 > 지역사회건강조사 > 건강행태 > 흡연,177,질병관리청,지역사회건강조사,N,5050,2008057,지역사회건강조사,2014,DT_117075_SM_IND_HOME,시·군·구별 현재비흡연자의 가정실내 간접흡연 노출률,https://kosis.kr/statisticsList/statisticsListIndex.do?menuId=M_01_01&vwcd=MT_ZTITLE&parmTabId=M_01_01&parentId=F.1;F_001.2;F_001_001.3;F_001_001_001.4;,MT_ZTITLE,지역사회건강조사
시군구별 표준화율 조율 응답자수 표준화율표준오차 조율표준오차 노원구 용산구 관악구 금천구 동대문구 성동구 중랑구 강남구 강서구 구로구 도봉구 서대문구 양천구 동래구 강서구 동구 영도구 금정구 북구 수영구 해운대구 기장군 부산진구 사상구 사하구 중구 남구 서구 연제구 남구 달성군 서구 북구 동구 달서구 수성구 중구 강화군 옹진군 계양구 미추홀구 부평구 중구 남동구 서구 연수구 동구 광산구 북구 강동구 동작구 송파구 강북구 마포구 은평구 광진구 성북구 중구 서초구 영등포구 ...,2019,F > F_001 > F_001_001 > F_001_001_001,ㅇ정의: 최근 1주일 동안 직장의 실내에서 다른 사람이 피우는 담배연기를 맡은 적이 있는 사람의 분율(%),http://kosis.kr/statHtml/statHtml.do?orgId=177&tblId=DT_117075_SM_IND_WORK,보건 > 지역사회건강조사 > 건강행태 > 흡연,177,질병관리청,지역사회건강조사,N,5050,2008057,지역사회건강조사,2014,DT_117075_SM_IND_WORK,시·군·구별 현재비흡연자의 직장실내 간접흡연 노출률,https://kosis.kr/statisticsList/statisticsListIndex.do?menuId=M_01_01&vwcd=MT_ZTITLE&parmTabId=M_01_01&parentId=F.1;F_001.2;F_001_001.3;F_001_001_001.4;,MT_ZTITLE,지역사회건강조사
시군구별 표준화율표준오차 표준화율 조율 조율표준오차 응답자수 청양군 홍성군 고창군 고흥군 여수시 완도군 경산시 문경시 경상남도 거제시 창원시 밀양시 제주 강동구 강북구 금천구 동작구 성북구 기장군 동래구 부산진구 서구 수성구 인천광역시 옹진군 동구 동구 상록구 안양시 기흥구 송탄 강릉시 횡성군 청원구 군산시 임실군 전주시 광진구 구로구 송파구 은평구 종로구 영도구 남구 북구 서구 북구 소사구 연천군 광명시 수정구 영통구 장흥군 해남군 경상북도 고령군 예천군 칠곡군 진해 ...,2025,F > F_001 > F_001_001 > F_001_001_001,"○ 정의: 담배 종류와 상관없이 최근 1주일 동안 직장의 실내에서 다른 사람이 피우는 담배연기를 맡은 적이 있는 분율(%) ○ * : 변동계수(coefficient fo variation) 25-50%, ** : 변동계수 50% 이상 ○ 2023년부터 ＂군위군＂ 관할구역 변경: (기존) 경상북도 -> (변경후) 대구광역시",http://kosis.kr/statHtml/statHtml.do?orgId=177&tblId=DT_117075_SM_IND_WORK_V2,보건 > 지역사회건강조사 > 건강행태 > 흡연,177,질병관리청,지역사회건강조사,N,5050,2008057,지역사회건강조사,2020,DT_117075_SM_IND_WORK_V2,시·군·구별 직장실내 간접흡연 노출률(담배제품 현재 미사용자),https://kosis.kr/statisticsList/statisticsListIndex.do?menuId=M_01_01&vwcd=MT_ZTITLE&parmTabId=M_01_01&parentId=F.1;F_001.2;F_001_001.3;F_001_001_001.4;,MT_ZTITLE,지역사회건강조사
시군구별 조율표준오차 응답자수 표준화율 표준화율표준오차 조율 계룡시 부여군 서산시 남원시 곡성군 목포시 영암군 장흥군 진도군 경산시 울진군 의성군 북구 양산시 하동군 서부 동부 용산구 강서구 사상구 사하구 영도구 북구 서구 중구 동구 중구 동구 세종시 남양주 풍양 연천군 이천시 광주시 권선구 장안구 안산시 홍천군 홍성군 무주군 정읍시 진안군 순천시 함평군 화순군 구미시 군위군 상주시 영양군 창원시 창원 통영시 제주특별자치도 서귀포 제주 서부 노원구 부산광역시 중구 달서구...,2025,F > F_001 > F_001_002 > F_001_002_003,"- 갑자기 어지럽거나 몸의 중심을 잡기 힘들다 - 갑자기 이제까지 경험하지 못한 심한 두통을 느낀다 ○ 2023년부터 ＂군위군＂ 관할구역 변경: (기존) 경상북도 -> (변경후) 대구광역시 ○ 정의: 뇌졸중(중풍) 조기증상을 정확히 알고 있는 분율(%) ○ 해당 문항은 2017년부터 조사 실시 ○ 뇌졸중(중풍) 조기증상 문항 - 갑자기 한쪽 눈이나 시야의 반이 보이지 않거나, 물체가 두 개로 보인다 - 갑자기 한쪽 얼굴, 팔, 다리에 힘이 빠진다 - 갑자기 말이 어눌해지거나, 다른 사람의 말을 이해하지 못한다",http://kosis.kr/statHtml/statHtml.do?orgId=177&tblId=DT_117075_STR_EARLY_SYM,보건 > 지역사회건강조사 > 이환 및 의료이용 > 뇌졸중(중풍),177,질병관리청,지역사회건강조사,N,5050,2008057,지역사회건강조사,2017,DT_117075_STR_EARLY_SYM,시·군·구별 뇌졸중(중풍) 조기증상 인지율,https://kosis.kr/statisticsList/statisticsListIndex.do?menuId=M_01_01&vwcd=MT_ZTITLE&parmTabId=M_01_01&parentId=F.1;F_001.2;F_001_002.3;F_001_002_003.4;,MT_ZTITLE,지역사회건강조사
시군구별 조율 응답자수 표준화율 표준화율표준오차 조율표준오차 도봉구 용산구 남동구 서구 중구 세종시 경기도 양평군 포천시 성남시 중원구 안양시 평택시 송탄 속초시 정선군 증평군 청양군 부안군 장수군 강진군 광양시 구례군 영암군 울진군 청도군 진해 진주시 동부 서부 구로구 동작구 서초구 성북구 종로구 동구 부산진구 연제구 강화군 계양구 동구 대전광역시 유성구 세종특별자치시 남양주시 영통구 단원구 상록구 오산시 용인시 고성군 양구군 충청북도 제천시 서원구 흥덕구 계룡시 서산...,2025,F > F_001 > F_001_001 > F_001_001_006,○ 정의: 영양표시를 읽는 사람 중 영양표시 내용이 가공식품을 사거나 고를 때 영향을 미친다고 응답한 분율(%) ○ 해당 문항은 2014년부터 조사 실시 ○ 2023년부터 ＂군위군＂ 관할구역 변경: (기존) 경상북도 -> (변경후) 대구광역시,http://kosis.kr/statHtml/statHtml.do?orgId=177&tblId=DT_11775_NUT_LABEL_UTIL,보건 > 지역사회건강조사 > 건강행태 > 식생활,177,질병관리청,지역사회건강조사,N,5050,2008057,지역사회건강조사,2014,DT_11775_NUT_LABEL_UTIL,시·군·구별 영양표시 활용률,https://kosis.kr/statisticsList/statisticsListIndex.do?menuId=M_01_01&vwcd=MT_ZTITLE&parmTabId=M_01_01&parentId=F.1;F_001.2;F_001_001.3;F_001_001_006.4;,MT_ZTITLE,지역사회건강조사
시군구별 비만유병률(표준화율) 광산구 남구 동구 북구 서구 대전광역시 대덕구 동구 서구 유성구 중구 울산광역시 남구 동구 북구 울주군 중구 세종특별자치시 세종시 경기도 가평군 용산구 은평구 부산광역시 종로구 중구 중랑구 강서구 금정구 기장군 남구 동구 동래구 부산진구 북구 사상구 사하구 서구 수영구 연제구 영도구 중구 해운대구 대구광역시 남구 달서구 달성군 동구 북구 서구 수성구 중구 인천광역시 강화군 계양구 미추홀구 남동구 동구 부평구 서구 연수구 옹진군 중구 광주광역...,2019,103,"■ 자료제공처: 국가데이터처 지역통계기획팀 ■ 자료원출처: 질병관리청(지역사회건강조사) ■ 자료제공주기: 1년 ■ 자료제공시기: 조사기준년도 익년3월 □ 참고사항 - 정의: 체질량지수(kg/㎡)가 25이상인 사람의 분율(%) - 해당 지표는 2018년부터 계측조사를 실시함에 따라 산출 - 연도 및 지역간 비교를 위해 인구구성 차이에 따른 영향을 표준인구(2005년 추계인구, 국가데이터처)로 보정한 결과(표준화율)",http://kosis.kr/statHtml/statHtml.do?orgId=101&tblId=DT_1YL202002E,주제별 > 건강,101,질병관리청,지역사회건강조사,N,5050,2008057,지역사회건강조사,2018,DT_1YL202002E,비만유병률(시도/시/군/구),https://kosis.kr/statisticsList/statisticsListIndex.do?menuId=M_01_03_01&vwcd=MT_GTITLE01&parmTabId=M_01_01&parentId=103.1;,MT_GTITLE01,지역사회건강조사
시군구별 건강생활실천율(표준화율) 서울특별시 강남구 중구 중랑구 부산광역시 강동구 강북구 강서구 관악구 광진구 구로구 금천구 노원구 도봉구 동대문구 동작구 마포구 서대문구 서초구 성동구 성북구 송파구 양천구 영등포구 용산구 은평구 종로구 강서구 금정구 기장군 남구 동구 동래구 부산진구 북구 사상구 사하구 서구 수영구 연제구 영도구 중구 해운대구 대구광역시 남구 달서구 달성군 동구 북구 서구 수성구 중구 인천광역시 강화군 계양구 미추홀구 남동구 남구 동구 서구 유성구 중구 울산광역시 ...,2025,103,"■ 자료제공처: 국가데이터처 지역통계기획팀 ■ 자료원출처: 질병관리청(지역사회건강조사) ■ 자료제공주기: 1년 ■ 자료제공시기: 조사기준년도 익년5월 □ 참고사항 - 정의: 금연, 절주, 걷기를 모두 실천하는 사람의 분율(%) - 연도 및 지역간 비교를 위해 인구구성 차이에 따른 영향을 표준인구(2005년 추계인구, 국가데이터처)로 보정한 결과(표준화율)",http://kosis.kr/statHtml/statHtml.do?orgId=101&tblId=DT_1YL202102E,주제별 > 건강,101,질병관리청,지역사회건강조사,N,5050,2008057,지역사회건강조사,2008,DT_1YL202102E,건강생활실천율(시도/시/군/구),https://kosis.kr/statisticsList/statisticsListIndex.do?menuId=M_01_03_01&vwcd=MT_GTITLE01&parmTabId=M_01_01&parentId=103.1;,MT_GTITLE01,지역사회건강조사
시군구별 인플루엔자 예방접종률(표준화율) 서울특별시 강남구 강동구 강북구 강서구 관악구 광진구 구로구 금천구 노원구 도봉구 동대문구 동작구 마포구 서대문구 서초구 성동구 성북구 송파구 양천구 영등포구 용산구 은평구 종로구 중구 중랑구 부산광역시 강서구 금정구 기장군 남구 동구 동래구 부산진구 북구 사상구 사하구 서구 수영구 연제구 영도구 중구 해운대구 대구광역시 남구 달서구 달성군 동구 북구 서구 수성구 중구 광주광역시 인천광역시 강화군 계양구 미추홀구 남동구 동구 부평...,2025,103,"■ 자료제공처: 국가데이터처 지역통계기획팀 ■ 자료원출처: 질병관리청(지역사회건강조사) ■ 자료제공주기: 1년 ■ 자료제공시기: 조사기준년도 익년5월 □ 참고사항 - 정의: 최근 1년 동안 인플루엔자(독감) 예방접종을 받은 적이 있는 사람의 분율(%) - 연도 및 지역간 비교를 위해 인구구성 차이에 따른 영향을 표준인구(2005년 추계인구, 국가데이터처)로 보정한 결과(표준화율)",http://kosis.kr/statHtml/statHtml.do?orgId=101&tblId=DT_1YL202103E,주제별 > 건강,101,질병관리청,지역사회건강조사,N,5050,2008057,지역사회건강조사,2008,DT_1YL202103E,인플루엔자 예방접종률(시도/시/군/구),https://kosis.kr/statisticsList/statisticsListIndex.do?menuId=M_01_03_01&vwcd=MT_GTITLE01&parmTabId=M_01_01&parentId=103.1;,MT_GTITLE01,지역사회건강조사
시군구별 미충족의료율(표준화율) 군위군 서울특별시 강남구 강동구 강북구 강서구 관악구 광진구 구로구 금천구 노원구 도봉구 동대문구 동작구 마포구 서대문구 서초구 성동구 성북구 송파구 양천구 영등포구 중랑구 은평구 종로구 중구 부산광역시 강서구 금정구 기장군 남구 동구 동래구 부산진구 북구 사상구 사하구 서구 수영구 연제구 영도구 중구 해운대구 대구광역시 남구 달서구 달성군 동구 북구 서구 수성구 중구 인천광역시 강화군 계양구 미추홀구 남동구 동구 부평구 서구 연수구 옹진...,2025,103,"■ 자료제공처: 국가데이터처 지역통계기획팀 ■ 자료원출처: 질병관리청(지역사회건강조사) ■ 자료제공주기: 1년 ■ 자료제공시기: 조사기준년도 익년5월 □ 참고사항 - 정의: 최근 1년 동안 본인이 병의원(치과 제외)에 가고 싶을 때 가지 못한 사람의 분율(%) - 연도 및 지역간 비교를 위해 인구구성 차이에 따른 영향을 표준인구(2005년 추계인구, 국가데이터처)로 보정한 결과(표준화율)",http://kosis.kr/statHtml/statHtml.do?orgId=101&tblId=DT_1YL202104E,주제별 > 건강,101,질병관리청,지역사회건강조사,N,5050,2008057,지역사회건강조사,2019,DT_1YL202104E,미충족의료율(시도/시/군/구),https://kosis.kr/statisticsList/statisticsListIndex.do?menuId=M_01_03_01&vwcd=MT_GTITLE01&parmTabId=M_01_01&parentId=103.1;,MT_GTITLE01,지역사회건강조사
행정구역별 고위험음주율 군위군 무주군 익산시 강진군 목포시 장흥군 함평군 경산시 영주시 남해군 의령군 진주시 함양군 제주특별자치도 구로구 은평구 남구 서구 대구광역시 수성구 남동구 울주군 경기도 가평군 여주시 광명시 광주시 영월군 정선군 음성군 부여군 청양군 진안군 무안군 보성군 성주군 영양군 울릉군 김해시 통합창원시 하동군 남양주시 중구 중구 세종특별자치시 오산시 용인시 인제군 화천군 충청북도 단양군 제천시 충청남도 부안군 정읍시 고흥군 광양시 나주시 여수시 경상북도 ...,2025,103,"■ 자료제공처: 국가데이터처 지역통계기획팀 ■ 자료원출처: 질병관리청(지역사회건강조사) ■ 자료제공주기: 1년 ■ 자료제공시기: 조사기준년도 익년5월 □ 정의 - 고위험음주율: 최근 1년 동안 음주한 사람 중에서 남자는 한 번의 술자리에서 7잔 이상(또는 맥주 5캔 정도), 여자는 5잔 이상(또는 맥주 3캔 정도)을 주 2회 이상 마시는 사람의 비율 □ 의의 - 시·군·구 단위 고위험 음주군의 비율을 파악하여 지역의 음주 관련 정책 수립 및 평가의 기초자료로 활용 □ 산식 - 고위험음주율= (연간 음주자이면서 1회 평균 남자 7잔(여자 5잔)이상을 주2회 이상 마신 사람수÷만19세 이상 연간음주자)×100",http://kosis.kr/statHtml/statHtml.do?orgId=101&tblId=DT_1YL20291E,주제별 > 건강,101,질병관리청,지역사회건강조사,N,5050,2008057,지역사회건강조사,2008,DT_1YL20291E,고위험음주율(시도/시/군/구),https://kosis.kr/statisticsList/statisticsListIndex.do?menuId=M_01_03_01&vwcd=MT_GTITLE01&parmTabId=M_01_01&parentId=103.1;,MT_GTITLE01,지역사회건강조사
행정구역별 음주율 강서구 구로구 마포구 중랑구 부산광역시 동구 달성군 서구 대전광역시 유성구 남양주시 광명시 화성시 강원특별자치도 양구군 양양군 평창군 옥천군 음성군 청주시 김제시 강진군 고령군 순천시 여수시 경상북도 안동시 양산시 함안군 합천군 강남구 도봉구 동대문구 중구 김포시 계양구 중구 세종특별자치시 부천시 이천시 파주시 하남시 영월군 인제군 충청북도 정선군 태백시 횡성군 무주군 부안군 순창군 완주군 임실군 곡성군 완도군 진도군 화순군 경주시 영천시 경상남도 거제...,2025,103,■ 자료제공처: 국가데이터처 지역통계기획팀 ■ 자료원출처: 질병관리청(지역사회건강조사) ■ 자료제공주기: 1년 ■ 자료제공시기: 조사기준년도 익년5월 □ 정의 - 음주율: 최근 1년 동안 한 달에 1회 이상 술을 마신 적이 있는 사람의 비율 □ 의의 - 시·군·구 단위 주민 음주 현황을 파악하여 지역보건의료계획 수립 및 평가의 기초자료로 활용,http://kosis.kr/statHtml/statHtml.do?orgId=101&tblId=DT_1YL20991E,주제별 > 건강,101,질병관리청,지역사회건강조사,N,5050,2008057,지역사회건강조사,2008,DT_1YL20991E,음주율(시도/시/군/구),https://kosis.kr/statisticsList/statisticsListIndex.do?menuId=M_01_03_01&vwcd=MT_GTITLE01&parmTabId=M_01_01&parentId=103.1;,MT_GTITLE01,지역사회건강조사
행정구역별 흡연율 강서구 서대문구 종로구 동래구 영도구 중구 중구 가평군 여주시 파주시 삼척시 속초시 철원군 평창군 논산시 전북특별자치도 완주군 곡성군 순천시 함평군 영양군 청도군 밀양시 사천시 진주시 창녕군 하동군 서울특별시 강동구 관악구 서초구 송파구 은평구 기장군 남구 서구 연제구 강화군 계양구 미추홀구 연수구 중구 동구 서구 서구 경기도 고양시 연천군 안산시 화성시 화천군 진천군 남원시 부여군 서천군 홍성군 무주군 보성군 군위군 문경시 상주시 영천시 울릉군 칠곡군...,2025,103,■ 자료원출처: 질병관리청(지역사회건강조사) ■ 자료제공주기: 1년 ■ 자료제공시기: 조사기준년도 익년5월 - 흡연율: 평생(지금까지) 5갑(100개비) 이상 흡연한 사람으로서 현재 흡연(＂＂매일 피움＂＂ 또는 ＂＂가끔 피움＂＂) 하는 사람의 비율 □ 의의 - 시·군·구 단위 주민 흡연 현황을 파악하여 지역 흡연 관련 정책 수립 및 평가의 기초자료로 활용 □ 용어 - 현재흡연자: 평생 담배 5갑(100개비) 이상 흡연한 사람으로서 현재도 담배를 피우는 사람 □ 정의 ■ 자료제공처: 국가데이터처 지역통계기획팀,http://kosis.kr/statHtml/statHtml.do?orgId=101&tblId=DT_1YL21001E,주제별 > 건강,101,질병관리청,지역사회건강조사,N,5050,2008057,지역사회건강조사,2008,DT_1YL21001E,흡연율(시도/시/군/구),https://kosis.kr/statisticsList/statisticsListIndex.do?menuId=M_01_03_01&vwcd=MT_GTITLE01&parmTabId=M_01_01&parentId=103.1;,MT_GTITLE01,지역사회건강조사
행정구역별 주관적 건강수준인지율 성동구 영등포구 용산구 기장군 동래구 사하구 연제구 달성군 옹진군 울산광역시 고양시 양주시 양평군 파주시 하남시 성남시 용인시 영월군 충주시 충청남도 서산시 서천군 예산군 홍성군 전북특별자치도 군산시 완주군 김제시 임실군 전주시 구미시 문경시 영덕군 영주시 포항시 합천군 노원구 도봉구 동작구 마포구 중랑구 남구 남구 서구 중구 계양구 유성구 남구 제주특별자치도 산청군 의령군 함양군 강북구 구로구 성북구 부산광역시 수영구 영도구 대구광역시 미추홀구 ...,2025,103,■ 자료제공처: 국가데이터처 지역통계기획팀 ■ 자료원출처: 질병관리청(지역사회건강조사) ■ 자료제공주기: 1년 ■ 자료제공시기: 조사기준년도 익년5월 □ 정의 - 주관적 건강수준 인지율: 평소에 본인의 건강이 “매우 좋음” 또는 “좋음” 으로 응답한 사람의 비율 □ 의의 - 개인의 건강에 대한 주관적 인식을 파악해 건강 관련 정책 및 연구의 기초자료로 활용,http://kosis.kr/statHtml/statHtml.do?orgId=101&tblId=DT_1YL21011E,주제별 > 건강,101,질병관리청,지역사회건강조사,N,5050,2008057,지역사회건강조사,2008,DT_1YL21011E,주관적 건강수준인지율(시도/시/군/구),https://kosis.kr/statisticsList/statisticsListIndex.do?menuId=M_01_03_01&vwcd=MT_GTITLE01&parmTabId=M_01_01&parentId=103.1;,MT_GTITLE01,지역사회건강조사
행정구역별 EQ-5D 관악구 은평구 중랑구 남구 부산진구 수영구 영도구 중구 동구 대전광역시 울주군 세종특별자치시 가평군 부천시 고성군 파주시 포천시 수원시 영월군 원주시 음성군 충주시 남구 당진시 서산시 천안시 기장군 해운대구 북구 서구 계양구 미추홀구 옹진군 남구 동구 중구 경기도 김포시 여주시 의정부시 광주시 시흥시 안성시 안양시 양구군 화천군 옥천군 금산군 논산시 부여군 경주시 청양군 순창군 정읍시 포항시 거제시 사천시 진주시 함양군 강동구 서대문구 중구 부산광역...,2019,103,"■ 자료제공처: 국가데이터처 지역통계기획팀 ■ 자료원출처: 보건복지부(지역사회건강조사) ■ 자료제공주기: 1년 ■ 자료제공시기: 조사기준년도 익년5월 □ 정의 - EQ-5D지표: 건강관련 삶의 질의 5가지 차원(운동능력, 자기관리, 일상활동, 통증/불편, 불안/우울)의 기술체계를 종합한 지표 □ 의의 - 건강 관련 삶의 질의 5가지 차원을 활용하여 만든 지표로, 수치가 1에 가까울수록 삶의 질이 높다고 할 수 있음",http://kosis.kr/statHtml/statHtml.do?orgId=101&tblId=DT_1YL21021E,주제별 > 건강,101,질병관리청,지역사회건강조사,N,5050,2008057,지역사회건강조사,2008,DT_1YL21021E,EQ-5D(시도/시/군/구),https://kosis.kr/statisticsList/statisticsListIndex.do?menuId=M_01_03_01&vwcd=MT_GTITLE01&parmTabId=M_01_01&parentId=103.1;,MT_GTITLE01,지역사회건강조사
행정구역별 스트레스 인지율 군위군 도봉구 성북구 용산구 종로구 부산진구 동구 수성구 서구 광주광역시 서구 중구 경기도 과천시 강진군 동두천시 이천시 군포시 평택시 강원특별자치도 삼척시 충청북도 괴산군 증평군 태안군 광명시 안양시 의정부시 화성시 강릉시 속초시 양양군 춘천시 횡성군 청원군 충주시 보령시 고흥군 광양시 구례군 영광군 완도군 장흥군 함평군 화순군 예천군 창녕군 동대문구 양천구 동래구 사하구 수영구 대구광역시 북구 인천광역시 계양구 북구 중구 가평군 부천시 양평...,2025,103,■ 자료제공처: 국가데이터처 지역통계기획팀 ■ 자료원출처: 질병관리청(지역사회건강조사) ■ 자료제공주기: 1년 ■ 자료제공시기: 조사기준년도 익년5월 □ 정의 - 스트레스인지율: 평소 일상생활 중 스트레스를 “대단히 많이” 또는 “많이” 느끼는 사람의 비율 □ 의의 - 정신건강을 측정하는 대표적인 지표,http://kosis.kr/statHtml/statHtml.do?orgId=101&tblId=DT_1YL21041E,주제별 > 건강,101,질병관리청,지역사회건강조사,N,5050,2008057,지역사회건강조사,2008,DT_1YL21041E,스트레스인지율(시도/시/군/구),https://kosis.kr/statisticsList/statisticsListIndex.do?menuId=M_01_03_01&vwcd=MT_GTITLE01&parmTabId=M_01_01&parentId=103.1;,MT_GTITLE01,지역사회건강조사
시군구별 조율표준오차 표준화율 표준화율표준오차 조율 응답자수 서부 관악구 마포구 송파구 양천구 북구 수영구 중구 계양구 연수구 광주광역시 동구 중구 덕양구 남양주시 남양주 풍양 팔달구 만안구 태백시 보은군 청주시 논산시 예산군 전라북도 진안군 무안군 장성군 경산시 경주시 칠곡군 북구 경상남도 창원시 창원 양산시 서귀포시 서부 제주시 동부 종로구 해운대구 달성군 강화군 남동구 옹진군 광산구 북구 대전광역시 울산광역시 세종시 일산서구 과천시 김포시 수원시 안성시 안양시 춘천...,2021,F > F_001 > F_001_005,"○ 2020년 신규 도입 ○ 정의 : 코로나19 유행으로 인한 세부적인 일상생활 변화가 있었다(음주가 줄었다)고 응답한 사람의 분율(%) * 변동계수(coefficient fo variation) 25-50%, ** 변동계수 50% 이상 2023년부터 ＂군위군＂ 관할구역 변경: (기존) 경상북도 -> (변경후) 대구광역시",http://kosis.kr/statHtml/statHtml.do?orgId=177&tblId=DT_COVID19_ALCHOL_DEC,보건 > 지역사회건강조사 > 코로나19,177,질병관리청,지역사회건강조사,N,5050,2008057,지역사회건강조사,2020,DT_COVID19_ALCHOL_DEC,시·군·구별 코로나19 유행으로 인한 세부적 일상생활 변화(음주):줄었다,https://kosis.kr/statisticsList/statisticsListIndex.do?menuId=M_01_01&vwcd=MT_ZTITLE&parmTabId=M_01_01&parentId=F.1;F_001.2;F_001_005.3;,MT_ZTITLE,지역사회건강조사
시군구별 조율표준오차 표준화율표준오차 조율 응답자수 표준화율 서부 동부 동탄 서북구 동남구 제주시 강북구 광진구 금천구 동작구 성동구 용산구 남구 연제구 동구 중구 남구 인천광역시 서구 광주광역시 광산구 대덕구 중구 남구 화성시 속초시 천안시 태안군 순창군 정읍시 진안군 전라남도 고흥군 광양시 목포시 영광군 영양군 울진군 청도군 거제시 마산 하동군 서귀포시 서귀포 강서구 동대문구 영등포구 사하구 중구 동래구 사상구 해운대구 대구광역시 남동구 서구 세종특별자치시 가평군 김...,2022,F > F_001 > F_001_005,2023년부터 ＂군위군＂ 관할구역 변경: (기존) 경상북도 -> (변경후) 대구광역시 ○ 정의 : 코로나19 유행으로 인한 심리적 염려(감염으로 인한 피해 염려)가 있다고 응답한 사람의 분율(%) ○ 2020년 신규 도입,http://kosis.kr/statHtml/statHtml.do?orgId=177&tblId=DT_COVID19_CONCERN_DAMAGE,보건 > 지역사회건강조사 > 코로나19,177,질병관리청,지역사회건강조사,N,5050,2008057,지역사회건강조사,2020,DT_COVID19_CONCERN_DAMAGE,시·군·구별 코로나19로 인한 심리적 영향(감염으로 인한 피해 염려),https://kosis.kr/statisticsList/statisticsListIndex.do?menuId=M_01_01&vwcd=MT_ZTITLE&parmTabId=M_01_01&parentId=F.1;F_001.2;F_001_005.3;,MT_ZTITLE,지역사회건강조사
시군구별 표준화율 응답자수 표준화율표준오차 조율 조율표준오차 동부 서부 강서구 구로구 서대문구 용산구 은평구 종로구 부산광역시 북구 해운대구 북구 유성구 세종특별자치시 연천군 의정부시 포천시 용인시 강원특별자치도 속초시 진천군 청원구 공주시 서천군 아산시 무주군 전라남도 강진군 무안군 영암군 안동시 영천시 울릉군 의성군 청도군 북구 진주시 창녕군 서귀포시 서귀포시 서귀포 제주시 동부 서울특별시 마포구 금정구 구리시 강화군 동구 일산동구 남양주시 남양주 이천시 광명시 수정...,2022,F > F_001 > F_001_005,○ 정의 : 코로나19 유행으로 인한 심리적 염려(감염으로 인한 경제적 피해 염려)가 있다고 응답한 사람의 분율(%) ○ 2020년 신규 도입 2023년부터 ＂군위군＂ 관할구역 변경: (기존) 경상북도 -> (변경후) 대구광역시,http://kosis.kr/statHtml/statHtml.do?orgId=177&tblId=DT_COVID19_CONCERN_ECO_DAMAGE,보건 > 지역사회건강조사 > 코로나19,177,질병관리청,지역사회건강조사,N,5050,2008057,지역사회건강조사,2020,DT_COVID19_CONCERN_ECO_DAMAGE,시·군·구별 코로나19로 인한 심리적 영향(감염으로 인한 경제적 피해 염려),https://kosis.kr/statisticsList/statisticsListIndex.do?menuId=M_01_01&vwcd=MT_ZTITLE&parmTabId=M_01_01&parentId=F.1;F_001.2;F_001_005.3;,MT_ZTITLE,지역사회건강조사
시군구별 조율 응답자수 표준화율 조율표준오차 표준화율표준오차 서북구 동남구 동탄 서부 동부 영월군 광명시 성남시 강원특별자치도 춘천시 옥천군 충청남도 부여군 서산시 아산시 남원시 익산시 함평군 고흥군 순천시 장성군 울진군 청도군 포항시 고성군 진해 함안군 서초구 성북구 용산구 부산광역시 금정구 해운대구 달서구 서구 동구 울산광역시 남구 구리시 오정구 양평군 광주시 수정구 용인시 기흥구 처인구 평택 횡성군 서천군 태안군 군산시 강진군 남해군 밀양시 사천시 산청군 하동군 서...,2022,F > F_001 > F_001_005,○ 정의 : 코로나19 유행으로 인한 심리적 염려(감염에 대한 염려)가 있다고 응답한 사람의 분율(%) ○ 2020년 신규 도입 2023년부터 ＂군위군＂ 관할구역 변경: (기존) 경상북도 -> (변경후) 대구광역시,http://kosis.kr/statHtml/statHtml.do?orgId=177&tblId=DT_COVID19_CONCERN_INFCTN,보건 > 지역사회건강조사 > 코로나19,177,질병관리청,지역사회건강조사,N,5050,2008057,지역사회건강조사,2020,DT_COVID19_CONCERN_INFCTN,시·군·구별 코로나19로 인한 심리적 영향(감염에 대한 염려),https://kosis.kr/statisticsList/statisticsListIndex.do?menuId=M_01_01&vwcd=MT_ZTITLE&parmTabId=M_01_01&parentId=F.1;F_001.2;F_001_005.3;,MT_ZTITLE,지역사회건강조사
시군구별 응답자수 조율 표준화율표준오차 조율표준오차 표준화율 서울특별시 강동구 관악구 광진구 금천구 동작구 서대문구 중구 동구 남동구 서구 남구 서구 남구 북구 김포시 동두천시 양평군 의정부시 하남시 단원구 삼척시 평창군 단양군 충주시 태안군 남원시 완주군 정읍시 함평군 고령군 영천시 울릉군 밀양시 동대문구 성동구 달성군 북구 동구 중구 세종특별자치시 소사구 홍천군 수지구 동해시 인제군 괴산군 증평군 서천군 무주군 부안군 진안군 신안군 고흥군 구례군 나주시 김천시 문경시...,2021,F > F_001 > F_001_005,○ 정의 : 최근 1주일 동안 사회적 거리두기(또는 생활 속 거리두기) 수칙(건강거리 유지)을 실천한 사람의 분율(%) ○ 2020년 신규 도입 2023년부터 ＂군위군＂ 관할구역 변경: (기존) 경상북도 -> (변경후) 대구광역시,http://kosis.kr/statHtml/statHtml.do?orgId=177&tblId=DT_COVID19_DISTANCE,보건 > 지역사회건강조사 > 코로나19,177,질병관리청,지역사회건강조사,N,5050,2008057,지역사회건강조사,2020,DT_COVID19_DISTANCE,시·군·구별 사회적 거리두기(또는 생활 속 거리두기) 실천율(건강거리 유지),https://kosis.kr/statisticsList/statisticsListIndex.do?menuId=M_01_01&vwcd=MT_ZTITLE&parmTabId=M_01_01&parentId=F.1;F_001.2;F_001_005.3;,MT_ZTITLE,지역사회건강조사
시군구별 조율 조율표준오차 표준화율표준오차 응답자수 표준화율 강북구 관악구 마포구 미추홀구 중구 서구 대덕구 종로구 부산진구 수성구 옹진군 광산구 동구 가평군 고양시 일산서구 부천시 권선구 장안구 안양시 속초시 평창군 계룡시 금산군 부여군 무주군 정읍시 고흥군 나주시 영암군 화순군 고령군 봉화군 서귀포시 서귀포 청송군 거제시 마산 제주시 동부 제주시 서부 구로구 성동구 기장군 남구 사상구 수영구 서구 강화군 계양구 동구 남구 북구 울산광역시 울주군 구리시 파주시 광주시 ...,2021,F > F_001 > F_001_005,○ 정의 : 코로나19 유행으로 인한 현재 수준에서의 일상생활 상태 점수(점) ○ 2020년 신규 도입 2023년부터 ＂군위군＂ 관할구역 변경: (기존) 경상북도 -> (변경후) 대구광역시,http://kosis.kr/statHtml/statHtml.do?orgId=177&tblId=DT_COVID19_IMPACT,보건 > 지역사회건강조사 > 코로나19,177,질병관리청,지역사회건강조사,N,5050,2008057,지역사회건강조사,2020,DT_COVID19_IMPACT,시·군·구별 코로나19 유행으로 인한 일상생활 영향도,https://kosis.kr/statisticsList/statisticsListIndex.do?menuId=M_01_01&vwcd=MT_ZTITLE&parmTabId=M_01_01&parentId=F.1;F_001.2;F_001_005.3;,MT_ZTITLE,지역사회건강조사
시군구별 응답자수 표준화율 표준화율표준오차 조율 조율표준오차 동부 서북구 서부 동탄 군위군 동남구 전주시 강진군 순천시 경산시 영양군 경상남도 양산시 함안군 서귀포시 서울특별시 동대문구 성북구 송파구 무주군 달서구 미추홀구 남구 중구 세종시 동두천시 광명시 중원구 영통구 만안구 기흥구 평택시 철원군 충청북도 제천시 청주시 서원구 서천군 대덕구 연제구 서구 인천광역시 강화군 광산구 동구 울산광역시 울주군 남양주시 원미구 파주시 광주시 수원시 장안구 동안구 송탄 평택 정선군...,2021,F > F_001 > F_001_005,"○ 정의 : 코로나19 유행으로 인한 세부적인 일상생활 변화가 있었다(인스턴트 음식 등 섭취가 늘었다)고 응답한 사람의 분율(%) ○ 2020년 신규 도입 * 변동계수(coefficient fo variation) 25-50%, ** 변동계수 50% 이상 2023년부터 ＂군위군＂ 관할구역 변경: (기존) 경상북도 -> (변경후) 대구광역시",http://kosis.kr/statHtml/statHtml.do?orgId=177&tblId=DT_COVID19_INS_FOOD_INC,보건 > 지역사회건강조사 > 코로나19,177,질병관리청,지역사회건강조사,N,5050,2008057,지역사회건강조사,2020,DT_COVID19_INS_FOOD_INC,시·군·구별 코로나19 유행으로 인한 세부적 일상생활 변화(인스턴트 등 섭취): 늘었다,https://kosis.kr/statisticsList/statisticsListIndex.do?menuId=M_01_01&vwcd=MT_ZTITLE&parmTabId=M_01_01&parentId=F.1;F_001.2;F_001_005.3;,MT_ZTITLE,지역사회건강조사
시군구별 조율 조율표준오차 표준화율표준오차 응답자수 표준화율 익산시 장수군 전주시 화순군 군위군 영덕군 창원시 마산 서대문구 성북구 사상구 달성군 광산구 서구 중구 동구 경기도 가평군 소사구 광주시 성남시 영통구 안양시 용인시 춘천시 횡성군 영동군 천안시 보성군 전라남도 곡성군 구례군 여수시 영광군 함평군 봉화군 상주시 울릉군 북구 진해 창녕군 제주시 강서구 노원구 성동구 당진시 음성군 계룡시 공주시 고창군 김제시 진안군 완도군 해남군 구미 문경시 안동시 의성군 청도군 ...,2021,F > F_001 > F_001_005,○ 정의 : 최근 1주일 동안 코로나19 예방을 위해 방역수칙(실내 마스크 착용)을 실천한 사람의 분율(%) ○ 2020년 신규 도입 2023년부터 ＂군위군＂ 관할구역 변경: (기존) 경상북도 -> (변경후) 대구광역시,http://kosis.kr/statHtml/statHtml.do?orgId=177&tblId=DT_COVID19_MASK_IN,보건 > 지역사회건강조사 > 코로나19,177,질병관리청,지역사회건강조사,N,5050,2008057,지역사회건강조사,2020,DT_COVID19_MASK_IN,시·군·구별 방역수칙 실천율(실내 마스크 착용),https://kosis.kr/statisticsList/statisticsListIndex.do?menuId=M_01_01&vwcd=MT_ZTITLE&parmTabId=M_01_01&parentId=F.1;F_001.2;F_001_005.3;,MT_ZTITLE,지역사회건강조사
시군구별 조율표준오차 표준화율표준오차 응답자수 조율 표준화율 고성군 남해군 제주시 제주 제주시 서부 서울특별시 강동구 강서구 마포구 서대문구 서초구 성북구 용산구 수영구 해운대구 동구 유성구 북구 가평군 영등포구 동두천시 창원시 진해 관악구 광진구 금정구 남구 서구 서구 계양구 동구 남구 충주시 영통구 동안구 화성시 청주시 청양군 곡성군 신안군 영주시 경주시 김천시 성주군 의정부시 동구 남구 세종시 일산서구 연천군 광명시 성남시 의왕시 송탄 양구군 음성군 충청남도 서천군...,2021,F > F_001 > F_001_005,○ 정의 : 최근 1주일 동안 코로나19 예방을 위해 개인 방역수칙(실외 마스크 착용)을 실천한 사람의 분율(%) ○ 2020년 신규 도입 2023년부터 ＂군위군＂ 관할구역 변경: (기존) 경상북도 -> (변경후) 대구광역시,http://kosis.kr/statHtml/statHtml.do?orgId=177&tblId=DT_COVID19_MASK_OUT,보건 > 지역사회건강조사 > 코로나19,177,질병관리청,지역사회건강조사,N,5050,2008057,지역사회건강조사,2020,DT_COVID19_MASK_OUT,시·군·구별 방역수칙 실천율(실외 마스크 착용),https://kosis.kr/statisticsList/statisticsListIndex.do?menuId=M_01_01&vwcd=MT_ZTITLE&parmTabId=M_01_01&parentId=F.1;F_001.2;F_001_005.3;,MT_ZTITLE,지역사회건강조사
시군구별 응답자수 표준화율표준오차 조율표준오차 표준화율 조율 서북구 동탄 서부 동부 동남구 진안군 고흥군 보성군 군위군 안동시 영양군 울릉군 청도군 경상남도 고성군 창원 사천시 합천군 서귀포시 서부 제주시 서부 동대문구 마포구 동구 수성구 중구 과천시 동두천시 양주시 만안구 평택시 속초시 송파구 은평구 중랑구 동구 동래구 서구 대구광역시 서구 남동구 동구 남구 경기도 덕양구 일산서구 성남시 팔달구 오산시 수지구 영동군 청양군 태안군 남원시 부안군 정읍시 여수시 완도군 고...,2021,F > F_001 > F_001_005,"* 변동계수(coefficient fo variation) 25-50%, ** 변동계수 50% 이상 2023년부터 ＂군위군＂ 관할구역 변경: (기존) 경상북도 -> (변경후) 대구광역시 ○ 정의 : 열이 나거나 기침 등 호흡기 증상이 있을 때 집에서 쉬는 것이 가능하지 않은 사람의 분율(%) ○ 2020년 신규 도입",http://kosis.kr/statHtml/statHtml.do?orgId=177&tblId=DT_COVID19_NON_COMP,보건 > 지역사회건강조사 > 코로나19,177,질병관리청,지역사회건강조사,N,5050,2008057,지역사회건강조사,2020,DT_COVID19_NON_COMP,시·군·구별 코로나19 관련 유증상자 행동수칙 미준수율,https://kosis.kr/statisticsList/statisticsListIndex.do?menuId=M_01_01&vwcd=MT_ZTITLE&parmTabId=M_01_01&parentId=F.1;F_001.2;F_001_005.3;,MT_ZTITLE,지역사회건강조사
시군구별 조율표준오차 표준화율표준오차 조율 표준화율 응답자수 동탄 서부 동부 서북구 동남구 안동시 창원시 마산 양산시 통영시 서울특별시 동구 중구 대구광역시 북구 서구 연수구 광주광역시 북구 서구 대전광역시 중구 세종특별자치시 소사구 여주시 성남시 분당구 수원시 오산시 용인시 평택시 춘천시 홍천군 충주시 청원구 부여군 진안군 구례군 여수시 함평군 구미시 군위군 의성군 고성군 강동구 강서구 중랑구 사상구 수성구 유성구 경기도 남양주 영통구 안산시 안양시 철원군 태백시 평창...,2021,F > F_001 > F_001_005,"○ 2020년 신규 도입 * 변동계수(coefficient fo variation) 25-50%, ** 변동계수 50% 이상 2023년부터 ＂군위군＂ 관할구역 변경: (기존) 경상북도 -> (변경후) 대구광역시 ○ 정의 : 코로나19 유행으로 인한 세부적인 일상생활 변화가 있었다(신체활동이 줄었다)고 응답한 사람의 분율(%)",http://kosis.kr/statHtml/statHtml.do?orgId=177&tblId=DT_COVID19_PHY_ACT_DEC,보건 > 지역사회건강조사 > 코로나19,177,질병관리청,지역사회건강조사,N,5050,2008057,지역사회건강조사,2020,DT_COVID19_PHY_ACT_DEC,시·군·구별 코로나19 유행으로 인한 세부적 일상생활 변화(신체활동):줄었다,https://kosis.kr/statisticsList/statisticsListIndex.do?menuId=M_01_01&vwcd=MT_ZTITLE&parmTabId=M_01_01&parentId=F.1;F_001.2;F_001_005.3;,MT_ZTITLE,지역사회건강조사
시군구별 표준화율 조율표준오차 조율 표준화율표준오차 응답자수 김해시 마산 산청군 창녕군 합천군 서귀포시 강남구 금천구 성동구 성북구 용산구 금정구 기장군 동구 수영구 연제구 남구 남동구 동구 유성구 중구 울주군 중구 구리시 소사구 연천군 파주시 수원시 안양시 만안구 의왕시 정선군 춘천시 화천군 괴산군 옥천군 완도군 금산군 태안군 무주군 해남군 안동시 의성군 청송군 함안군 서귀포시 서부 대구광역시 인천광역시 계양구 서구 울산광역시 세종시 고양시 양주시 단원구 동안구 기흥구...,2021,F > F_001 > F_001_005,"○ 코로나19 유행으로 인한 세부적인 일상생활 변화가 있었다(흡연이 줄었다)고 응답한 사람의 분율 ○ 2020년 신규 도입 * 변동계수(coefficient fo variation) 25-50%, ** 변동계수 50% 이상",http://kosis.kr/statHtml/statHtml.do?orgId=177&tblId=DT_COVID19_SMOKE_DEC,보건 > 지역사회건강조사 > 코로나19,177,질병관리청,지역사회건강조사,N,5050,2008057,지역사회건강조사,2020,DT_COVID19_SMOKE_DEC,시·군·구별 코로나19 유행으로 인한 세부적 일상생활 변화(흡연):줄었다,https://kosis.kr/statisticsList/statisticsListIndex.do?menuId=M_01_01&vwcd=MT_ZTITLE&parmTabId=M_01_01&parentId=F.1;F_001.2;F_001_005.3;,MT_ZTITLE,지역사회건강조사
시군구별 표준화율표준오차 응답자수 조율 표준화율 조율표준오차 강남구 송파구 수영구 중구 남구 중구 대전광역시 진천군 청원구 청양군 홍성군 군산시 남원시 완주군 임실군 정읍시 광양시 여수시 경산시 봉화군 영덕군 예천군 칠곡군 남해군 산청군 통영시 서귀포시 동부 제주 도봉구 강서구 사상구 평택시 서원구 오산시 수지구 화성시 영월군 단양군 음성군 서산시 전북특별자치도 완도군 고령군 거제시 밀양시 함안군 서초구 양천구 부산광역시 기장군 서구 해운대구 미추홀구 부평구 남구 동구 ...,2024,F > F_001 > F_001_004 > F_001_004_002,"2023년부터 ＂군위군＂ 관할구역 변경: (기존) 경상북도 -> (변경후) 대구광역시 ○ 정의 : 심폐소생술에 대한 내용을 보거나 들어본 사람의 분율(%) ○ 2012년 신규 도입, 2년 순환주기 문항",http://kosis.kr/statHtml/statHtml.do?orgId=177&tblId=DT_CPR_AWAR,보건 > 지역사회건강조사 > 안전의식(손상) 및 심폐소생술 > 심폐소생술,177,질병관리청,지역사회건강조사,N,5050,2008057,지역사회건강조사,2012,DT_CPR_AWAR,시·군·구별 심폐소생술 인지율,https://kosis.kr/statisticsList/statisticsListIndex.do?menuId=M_01_01&vwcd=MT_ZTITLE&parmTabId=M_01_01&parentId=F.1;F_001.2;F_001_004.3;F_001_004_002.4;,MT_ZTITLE,지역사회건강조사
시군구별 표준화율 조율표준오차 응답자수 조율 표준화율표준오차 동두천시 광주시 팔달구 안양시 수지구 강원특별자치도 강릉시 평창군 충주시 공주시 보령시 천안시 서북구 동남구 남원시 무주군 진안군 강진군 나주시 함평군 경산시 의령군 영등포구 강서구 사상구 서구 남동구 동구 유성구 울주군 세종시 일산동구 남양주 풍양 여주시 의정부시 군포시 상록구 안성시 처인구 원주시 철원군 화천군 증평군 청주시 당진시 예산군 홍성군 고창군 부안군 목포시 보성군 해남군 경상북도 구미 군위군 강동...,2024,F > F_001 > F_001_004 > F_001_004_002,"○ 정의 : 최근 2년 동안 심폐소생술 교육을 받은 사람의 분율(%) ○ 2012년 신규 도입, 2년 순환주기 설문문항 * 변동계수(coefficient fo variation) 25-50%, ** 변동계수 50% 이상 2023년부터 ＂군위군＂ 관할구역 변경: (기존) 경상북도 -> (변경후) 대구광역시",http://kosis.kr/statHtml/statHtml.do?orgId=177&tblId=DT_CPR_EDU,보건 > 지역사회건강조사 > 안전의식(손상) 및 심폐소생술 > 심폐소생술,177,질병관리청,지역사회건강조사,N,5050,2008057,지역사회건강조사,2012,DT_CPR_EDU,시·군·구별 심폐소생술 교육경험률,https://kosis.kr/statisticsList/statisticsListIndex.do?menuId=M_01_01&vwcd=MT_ZTITLE&parmTabId=M_01_01&parentId=F.1;F_001.2;F_001_004.3;F_001_004_002.4;,MT_ZTITLE,지역사회건강조사
시군구별 표준화율 조율표준오차 조율 표준화율표준오차 응답자수 강남구 종로구 금정구 동구 부산진구 북구 연제구 중구 해운대구 수성구 계양구 옹진군 광산구 남양주시 여주시 하남시 광명시 중원구 상록구 안성시 안양시 의왕시 송탄 청송군 경상남도 고성군 양산시 함안군 동부 강서구 용산구 강서구 북구 군위군 울산광역시 남구 중구 고양시 동두천시 처인구 평창군 충청북도 논산시 천안시 서북구 전북특별자치도 군산시 무주군 임실군 전라남도 구례군 영광군 완도군 함평군 경주시 의성군 포항...,2025,F > F_001 > F_001_002 > F_001_002_002,"○ 정의: 의사에게 당뇨병을 진단받은 30세 이상의 분율(%) ○ * : 변동계수(coefficient fo variation) 25-50%, ** : 변동계수 50% 이상 ○ 2023년부터 ＂군위군＂ 관할구역 변경: (기존) 경상북도 -> (변경후) 대구광역시",http://kosis.kr/statHtml/statHtml.do?orgId=177&tblId=DT_DIA_DOCTOR,보건 > 지역사회건강조사 > 이환 및 의료이용 > 당뇨병,177,질병관리청,지역사회건강조사,N,5050,2008057,지역사회건강조사,2008,DT_DIA_DOCTOR,시·군·구별 당뇨병 진단 경험률(30세 이상),https://kosis.kr/statisticsList/statisticsListIndex.do?menuId=M_01_01&vwcd=MT_ZTITLE&parmTabId=M_01_01&parentId=F.1;F_001.2;F_001_002.3;F_001_002_002.4;,MT_ZTITLE,지역사회건강조사
시도별 조율표준오차 표준화율 응답자수 표준화율표준오차 조율 서울특별시 대전광역시 강원특별자치도 충청북도 전라남도 경상남도 대구광역시 광주광역시 전북특별자치도 부산광역시 세종특별자치시 충청남도 인천광역시 경기도 경상북도 울산광역시 제주특별자치도,2016,F > F_001 > F_001_002 > F_001_002_002,"해당 문항은 2017년부터 조사하지 않음 의사에게 당뇨병을 진단받은 30세 이상 사람 중 최근 1년 동안 한 달에 1회 이상 술을 마신 적이 있는 사람의 분율(%)로 정의한다. 해당지표의 경우 당뇨병 진단 경험자로 분모를 제한하여 산출하므로, 통계의 안정성을 위하여 시·군·구 단위 지표결과는 산출하지 않음",http://kosis.kr/statHtml/statHtml.do?orgId=177&tblId=DT_DIA_DOCTOR_DR,보건 > 지역사회건강조사 > 이환 및 의료이용 > 당뇨병,177,질병관리청,지역사회건강조사,N,5050,2008057,지역사회건강조사,2008,DT_DIA_DOCTOR_DR,시·도별 당뇨병 진단 경험자(30세 이상)의 월간음주율,https://kosis.kr/statisticsList/statisticsListIndex.do?menuId=M_01_01&vwcd=MT_ZTITLE&parmTabId=M_01_01&parentId=F.1;F_001.2;F_001_002.3;F_001_002_002.4;,MT_ZTITLE,지역사회건강조사
시도별 조율 표준화율 표준화율표준오차 조율표준오차 응답자수 경기도 경상북도 강원특별자치도 서울특별시 대구광역시 광주광역시 충청남도 전북특별자치도 인천광역시 충청북도 부산광역시 울산광역시 전라남도 경상남도 세종특별자치시 대전광역시 제주특별자치도,2025,F > F_001 > F_001_002 > F_001_002_002,"○ * : 변동계수(coefficient fo variation) 25-50%, ** : 변동계수 50% 이상 ○ 정의: 의사에게 당뇨병을 진단받은 30세 이상 사람 중 최근 1년 동안 음주한 사람 중에서 남자는 한 번의 술자리에서 7잔 이상(또는 맥주 5캔 정도), 여자는 5잔 이상(또는 맥주 3캔 정도)을 주 2회 이상 마시는 사람의 분율(%) ○ 해당 지표는 ＂30세 이상 당뇨병 진단 경험자＂로 분모를 제한하여 산출하므로, 통계의 안정성을 위하여 시·군·구 단위 결과를 산출하지 않음",http://kosis.kr/statHtml/statHtml.do?orgId=177&tblId=DT_DIA_DOCTOR_HIGH,보건 > 지역사회건강조사 > 이환 및 의료이용 > 당뇨병,177,질병관리청,지역사회건강조사,N,5050,2008057,지역사회건강조사,2008,DT_DIA_DOCTOR_HIGH,시·도별 당뇨병 진단 경험자(30세 이상)의 고위험음주율,https://kosis.kr/statisticsList/statisticsListIndex.do?menuId=M_01_01&vwcd=MT_ZTITLE&parmTabId=M_01_01&parentId=F.1;F_001.2;F_001_002.3;F_001_002_002.4;,MT_ZTITLE,지역사회건강조사
시도별 표준화율표준오차 응답자수 조율 조율표준오차 표준화율 부산광역시 대구광역시 전북특별자치도 서울특별시 광주광역시 울산광역시 전라남도 강원특별자치도 경상북도 인천광역시 세종특별자치시 경기도 충청남도 경상남도 대전광역시 제주특별자치도 충청북도,2016,F > F_001 > F_001_002 > F_001_002_002,"의사에게 당뇨병을 진단받은 30세 이상 사람 중 현재흡연자(＂매일 피움＂ 또는 ＂가끔 피움＂)의 분율(%)로 정의한다. 해당지표의 경우 당뇨병 진단 경험자로 분모를 제한하여 산출하므로, 통계의 안정성을 위하여 시·군·구 단위 지표결과는 산출하지 않음 해당 문항은 2017년부터 조사하지 않음",http://kosis.kr/statHtml/statHtml.do?orgId=177&tblId=DT_DIA_DOCTOR_SM,보건 > 지역사회건강조사 > 이환 및 의료이용 > 당뇨병,177,질병관리청,지역사회건강조사,N,5050,2008057,지역사회건강조사,2008,DT_DIA_DOCTOR_SM,시·도별 당뇨병 진단 경험자(30세 이상)의 현재흡연율,https://kosis.kr/statisticsList/statisticsListIndex.do?menuId=M_01_01&vwcd=MT_ZTITLE&parmTabId=M_01_01&parentId=F.1;F_001.2;F_001_002.3;F_001_002_002.4;,MT_ZTITLE,지역사회건강조사
시군구별 조율표준오차 표준화율표준오차 응답자수 표준화율 조율 강동구 관악구 광진구 동래구 사상구 중구 서구 세종특별자치시 고양시 일산서구 과천시 완주군 고령군 선산 성남시 권선구 단원구 수지구 동해시 양구군 양양군 화천군 음성군 충청남도 보령시 태안군 홍성군 전북특별자치도 임실군 장수군 고흥군 목포시 완도군 진도군 화순군 경상북도 경주시 봉화군 김해시 남해군 진해 산청군 함양군 합천군 서귀포시 서부 금천구 도봉구 성동구 성북구 중구 남구 달서구 군위군 계양구 남동구 광주...,2025,F > F_001 > F_001_002 > F_001_002_002,"○ 정의: 의사에게 당뇨병을 진단받은 30세 이상 사람 중 최근 1년 동안 눈 검사(안저검사)를 받은 적이 있는 분율(%) ○ * : 변동계수(coefficient fo variation) 25-50%, ** : 변동계수 50% 이상 ○ 2023년부터 ＂군위군＂ 관할구역 변경: (기존) 경상북도 -> (변경후) 대구광역시",http://kosis.kr/statHtml/statHtml.do?orgId=177&tblId=DT_DIA_EYE,보건 > 지역사회건강조사 > 이환 및 의료이용 > 당뇨병,177,질병관리청,지역사회건강조사,N,5050,2008057,지역사회건강조사,2008,DT_DIA_EYE,시·군·구별 연간 당뇨성 안질환 합병증검사(안저검사) 수진율(30세 이상),https://kosis.kr/statisticsList/statisticsListIndex.do?menuId=M_01_01&vwcd=MT_ZTITLE&parmTabId=M_01_01&parentId=F.1;F_001.2;F_001_002.3;F_001_002_002.4;,MT_ZTITLE,지역사회건강조사
시군구별 조율표준오차 표준화율 응답자수 표준화율표준오차 조율 동대문구 서초구 사상구 사하구 수영구 해운대구 달서구 인천광역시 광주광역시 광산구 북구 대덕구 동구 중구 고양시 포천시 수정구 장안구 팔달구 안성시 기흥구 횡성군 단양군 옥천군 증평군 논산시 서산시 홍성군 완주군 전주시 정읍시 무안군 영암군 해남군 고령군 문경시 영천시 청송군 경상남도 하동군 제주시 강남구 광진구 금천구 송파구 강서구 금정구 서구 중구 부평구 연수구 동구 덕양구 과천시 동두천시 중원구 수원시 권...,2025,F > F_001 > F_001_002 > F_001_002_002,"○ * : 변동계수(coefficient fo variation) 25-50%, ** : 변동계수 50% 이상 ○ 2023년부터 ＂군위군＂ 관할구역 변경: (기존) 경상북도 -> (변경후) 대구광역시 ○ 정의: 의사에게 당뇨병을 진단받은 30세 이상 사람 중 최근 1년 동안 스틱검사를 제외한 정밀소변검사(미세단백뇨검사)를 받은 적이 있는 분율(%) ○ 해당 문항은 2008년부터 조사를 실시하였으나, 2011년 문항 변경으로 2008-2010년 시계열 단절이 발생",http://kosis.kr/statHtml/statHtml.do?orgId=177&tblId=DT_DIA_KIDNEY,보건 > 지역사회건강조사 > 이환 및 의료이용 > 당뇨병,177,질병관리청,지역사회건강조사,N,5050,2008057,지역사회건강조사,2011,DT_DIA_KIDNEY,시·군·구별 연간 당뇨성 신장질환 합병증검사(미세단백뇨검사) 수진율(30세 이상),https://kosis.kr/statisticsList/statisticsListIndex.do?menuId=M_01_01&vwcd=MT_ZTITLE&parmTabId=M_01_01&parentId=F.1;F_001.2;F_001_002.3;F_001_002_002.4;,MT_ZTITLE,지역사회건강조사
시군구별 표준화율 응답자수 조율표준오차 조율 표준화율표준오차 마포구 송파구 용산구 서구 수영구 달성군 양주시 고성군 원주시 인제군 하남시 중원구 영통구 만안구 오산시 처인구 의왕시 남양주 풍양 횡성군 예산군 군산시 나주시 구미시 성주군 울진군 의성군 청도군 산청군 의령군 제주특별자치도 성북구 남구 사하구 해운대구 중구 사상구 동구 청원군 충청남도 도봉구 성동구 영등포구 부산진구 중구 대구광역시 수성구 인천광역시 부평구 옹진군 세종특별자치시 원미구 수원시 시흥시 안양시 기...,2025,F > F_001 > F_001_002 > F_001_002_002,"○ 2008년 산출식:(현재 인슐린 주사,당뇨병약(경구용 혈당강하제)을 당뇨병 치료를 위한 혈당조절 방법으로 사용한다고 응답한 사람의 수*100)/당뇨병을 지금까지 한 번이라도 앓은 적이 있는 사람의 수 ○ * : 변동계수(coefficient fo variation) 25-50%, ** : 변동계수 50% 이상 ○ 정의: 의사에게 당뇨병을 진단받은 30세 이상 사람 중 혈당을 관리하기 위해 인슐린 주사 또는 당뇨병약(경구혈당강하제)을 치료 받고 있는 분율(%) ○ 2023년부터 ＂군위군＂ 관할구역 변경: (기존) 경상북도 -> (변경후) 대구광역시",http://kosis.kr/statHtml/statHtml.do?orgId=177&tblId=DT_DIA_TREAT,보건 > 지역사회건강조사 > 이환 및 의료이용 > 당뇨병,177,질병관리청,지역사회건강조사,N,5050,2008057,지역사회건강조사,2008,DT_DIA_TREAT,시·군·구별 당뇨병 진단 경험자(30세 이상)의 치료율,https://kosis.kr/statisticsList/statisticsListIndex.do?menuId=M_01_01&vwcd=MT_ZTITLE&parmTabId=M_01_01&parentId=F.1;F_001.2;F_001_002.3;F_001_002_002.4;,MT_ZTITLE,지역사회건강조사
시군구별 응답자수 표준화율 표준화율표준오차 조율 조율표준오차 강동구 동작구 송파구 용산구 중구 대구광역시 수성구 울주군 일산서구 중원구 양구군 철원군 영동군 서산시 예산군 태안군 강진군 목포시 소사구 원미구 광명시 광주시 안성시 평택시 삼척시 춘천시 흥덕구 연기군 남원시 완주군 전주시 전라남도 구례군 나주시 무안군 보성군 완도군 경상북도 구미시 성주군 영양군 포항시 북구 고성군 통영시 제주시 강남구 동대문구 성동구 부산진구 해운대구 남구 계양구 대전광역시 남구 가평군 성...,2025,F > F_001 > F_001_001 > F_001_001_009,○ 정의: 평소에 본인의 건강이 ＂매우 좋은＂ 또는 ＂좋은＂이라고 응답한 분율(%) ○ 2023년부터 ＂군위군＂ 관할구역 변경: (기존) 경상북도 -> (변경후) 대구광역시,http://kosis.kr/statHtml/statHtml.do?orgId=177&tblId=DT_HEALTH_RECOG,보건 > 지역사회건강조사 > 건강행태 > 활동제한 및 삶의 질,177,질병관리청,지역사회건강조사,N,5050,2008057,지역사회건강조사,2008,DT_HEALTH_RECOG,시·군·구별 주관적 건강인지율,https://kosis.kr/statisticsList/statisticsListIndex.do?menuId=M_01_01&vwcd=MT_ZTITLE&parmTabId=M_01_01&parentId=F.1;F_001.2;F_001_001.3;F_001_001_009.4;,MT_ZTITLE,지역사회건강조사
시군구별 표준화율 표준화율표준오차 조율 응답자수 조율표준오차 강동구 성동구 용산구 중구 남구 사상구 해운대구 군위군 인천광역시 남동구 중구 광주광역시 포천시 수정구 안산시 오산시 동탄 강릉시 동해시 양양군 충청북도 청주시 흥덕구 충청남도 서북구 전북특별자치도 순창군 광양시 담양군 무안군 진도군 경주시 영주시 남구 경상남도 동부 서부 강북구 양천구 영등포구 종로구 강서구 북구 연제구 남구 달서구 동구 서구 옹진군 중구 울산광역시 동두천시 파주시 안양시 하남시 성남시 수원시...,2025,F > F_001 > F_001_002 > F_001_002_001,○ 정의: 의사에게 고혈압을 진단받은 30세 이상의 분율(%) ○ 2023년부터 ＂군위군＂ 관할구역 변경: (기존) 경상북도 -> (변경후) 대구광역시,http://kosis.kr/statHtml/statHtml.do?orgId=177&tblId=DT_HYPER_DOCTOR,보건 > 지역사회건강조사 > 이환 및 의료이용 > 고혈압,177,질병관리청,지역사회건강조사,N,5050,2008057,지역사회건강조사,2008,DT_HYPER_DOCTOR,시·군·구별 고혈압 진단 경험률(30세 이상),https://kosis.kr/statisticsList/statisticsListIndex.do?menuId=M_01_01&vwcd=MT_ZTITLE&parmTabId=M_01_01&parentId=F.1;F_001.2;F_001_002.3;F_001_002_001.4;,MT_ZTITLE,지역사회건강조사
시도별 응답자수 표준화율 조율 조율표준오차 표준화율표준오차 울산광역시 경상북도 경상남도 충청북도 부산광역시 광주광역시 제주특별자치도 세종특별자치시 서울특별시 대구광역시 경기도 충청남도 인천광역시 대전광역시 강원특별자치도 전북특별자치도 전라남도,2016,F > F_001 > F_001_002 > F_001_002_001,"의사에게 고혈압을 진단받은 30세 이상 사람 중 최근 1년 동안 한 달에 1회 이상 술을 마신 적이 있는 사람의 분율(%)로 정의한다. 해당지표의 경우 고혈압 진단 경험자로 분모를 제한하여 산출하므로, 통계의 안정성을 위하여 시·군·구 단위 지표결과는 산출하지 않음 해당 문항은 2017년부터 조사하지 않음",http://kosis.kr/statHtml/statHtml.do?orgId=177&tblId=DT_HYPER_DOCTOR_DR,보건 > 지역사회건강조사 > 이환 및 의료이용 > 고혈압,177,질병관리청,지역사회건강조사,N,5050,2008057,지역사회건강조사,2008,DT_HYPER_DOCTOR_DR,시·도별 고혈압 진단 경험자(30세 이상)의 월간음주율,https://kosis.kr/statisticsList/statisticsListIndex.do?menuId=M_01_01&vwcd=MT_ZTITLE&parmTabId=M_01_01&parentId=F.1;F_001.2;F_001_002.3;F_001_002_001.4;,MT_ZTITLE,지역사회건강조사
시군구별 표준화율표준오차 조율표준오차 표준화율 조율 응답자수 예산군 청양군 고창군 부안군 전주시 나주시 울릉군 거제시 마산 밀양시 사천시 함양군 동부 서부 관악구 구로구 영등포구 중구 서구 광진구 금천구 동작구 부산광역시 부산진구 연제구 동구 중구 군위군 남구 남구 일산서구 소사구 양주시 의정부시 안산시 평택 화성시 강원특별자치도 평창군 청주시 공주시 덕양구 구리시 동두천시 연천군 파주시 포천시 수정구 안성시 강릉시 양구군 홍천군 음성군 제천시 청원군 청원구 당진시 아산...,2025,F > F_001 > F_001_002 > F_001_002_001,○ 정의: 의사에게 고혈압을 진단받은 30세 이상 사람 중 현재 혈압조절약을 한 달에 20일 이상 복용한 분율(%) ○ 2023년부터 ＂군위군＂ 관할구역 변경: (기존) 경상북도 -> (변경후) 대구광역시,http://kosis.kr/statHtml/statHtml.do?orgId=177&tblId=DT_HYPER_DOCTOR_DRUG,보건 > 지역사회건강조사 > 이환 및 의료이용 > 고혈압,177,질병관리청,지역사회건강조사,N,5050,2008057,지역사회건강조사,2008,DT_HYPER_DOCTOR_DRUG,시·군·구별 고혈압 진단 경험자(30세 이상)의 치료율,https://kosis.kr/statisticsList/statisticsListIndex.do?menuId=M_01_01&vwcd=MT_ZTITLE&parmTabId=M_01_01&parentId=F.1;F_001.2;F_001_002.3;F_001_002_001.4;,MT_ZTITLE,지역사회건강조사
시도별 응답자수 조율 표준화율표준오차 조율표준오차 표준화율 서울특별시 부산광역시 대전광역시 광주광역시 경상북도 인천광역시 전북특별자치도 대구광역시 울산광역시 강원특별자치도 전라남도 충청남도 충청북도 경상남도 세종특별자치시 제주특별자치도 경기도,2025,F > F_001 > F_001_002 > F_001_002_001,"○ 정의: 의사에게 고혈압을 진단받은 30세 이상 사람 중 최근 1년 동안 음주한 사람 중에서 남자는 한 번의 술자리에서 7잔 이상(또는 맥주 5캔 정도), 여자는 5잔 이상(또는 맥주 3캔 정도)을 주 2회 이상 마시는 분율(%) ○ 해당 지표는 ＂30세 이상 고혈압 진단 경험자＂로 분모를 제한하여 산출하므로, 통계의 안정성을 위하여 시·군·구 단위 결과를 산출하지 않음",http://kosis.kr/statHtml/statHtml.do?orgId=177&tblId=DT_HYPER_DOCTOR_HIGH,보건 > 지역사회건강조사 > 이환 및 의료이용 > 고혈압,177,질병관리청,지역사회건강조사,N,5050,2008057,지역사회건강조사,2008,DT_HYPER_DOCTOR_HIGH,시·도별 고혈압 진단 경험자(30세 이상)의 고위험음주율,https://kosis.kr/statisticsList/statisticsListIndex.do?menuId=M_01_01&vwcd=MT_ZTITLE&parmTabId=M_01_01&parentId=F.1;F_001.2;F_001_002.3;F_001_002_001.4;,MT_ZTITLE,지역사회건강조사
시도별 조율표준오차 표준화율 표준화율표준오차 조율 응답자수 서울특별시 대전광역시 경상북도 대구광역시 경상남도 부산광역시 세종특별자치시 전라남도 경기도 충청북도 강원특별자치도 전북특별자치도 인천광역시 광주광역시 울산광역시 충청남도 제주특별자치도,2016,F > F_001 > F_001_002 > F_001_002_001,"의사에게 고혈압을 진단받은 30세 이상 사람 중 현재흡연자(＂매일 피움＂ 또는 ＂가끔 피움＂)의 분율(%)로 정의한다. 해당지표의 경우 고혈압 진단 경험자로 분모를 제한하여 산출하므로, 통계의 안정성을 위하여 시·군·구 단위 지표결과는 산출하지 않음 해당 문항은 2017년부터 조사하지 않음",http://kosis.kr/statHtml/statHtml.do?orgId=177&tblId=DT_HYPER_DOCTOR_SM,보건 > 지역사회건강조사 > 이환 및 의료이용 > 고혈압,177,질병관리청,지역사회건강조사,N,5050,2008057,지역사회건강조사,2008,DT_HYPER_DOCTOR_SM,시·도별 고혈압 진단 경험자(30세 이상)의 현재흡연률,https://kosis.kr/statisticsList/statisticsListIndex.do?menuId=M_01_01&vwcd=MT_ZTITLE&parmTabId=M_01_01&parentId=F.1;F_001.2;F_001_002.3;F_001_002_001.4;,MT_ZTITLE,지역사회건강조사
시군구별 조율 응답자수 조율표준오차 표준화율 표준화율표준오차 함양군 사천시 거제시 함안군 합천군 마산 창원 진해 제주시 서귀포시 서귀포 동부 서부 서부 동부 제주 광주광역시 전라북도 대구광역시 서울특별시 울산광역시 세종특별자치시 강원도 제주특별자치도 중구 남구 달성군 동구 수성구 서구 연수구 미추홀구 서구 부평구 남동구 옹진군 동구 계양구 강화군 중구 남구 서구 동구 광산구 북구 서구 대덕구 동구 유성구 중구 울주군 중구 동구 북구 남구 태안군 청원구 부여군 서산시 금산...,2019,F > F_001 > F_001_001 > F_001_001_001,ㅇ정의: 현재흡연자(＂매일 피움＂ 또는 ＂가끔 피움＂) 중 1개월 내 금연할 계획이 있는 사람의 분율(%) 해당 문항은 2012년부터 조사 시작,http://kosis.kr/statHtml/statHtml.do?orgId=177&tblId=DT_H_AM_PLAN,보건 > 지역사회건강조사 > 건강행태 > 흡연,177,질병관리청,지역사회건강조사,N,5050,2008057,지역사회건강조사,2012,DT_H_AM_PLAN,시·군·구별 현재흡연자의 1개월 내 금연계획률,https://kosis.kr/statisticsList/statisticsListIndex.do?menuId=M_01_01&vwcd=MT_ZTITLE&parmTabId=M_01_01&parentId=F.1;F_001.2;F_001_001.3;F_001_001_001.4;,MT_ZTITLE,지역사회건강조사
시군구별 표준화율 조율표준오차 표준화율표준오차 응답자수 조율 서귀포 서부 제주 강동구 관악구 서초구 남구 달서구 인천광역시 남동구 동구 유성구 세종시 고양시 오정구 파주시 광주시 안산시 만안구 수지구 춘천시 영동군 옥천군 청원구 공주시 아산시 연기군 순창군 익산시 진도군 함평군 경상북도 선산 영월군 철원군 평창군 충청북도 계룡시 서산시 천안시 동남구 전북특별자치도 김제시 남원시 부안군 완주군 강진군 광양시 해남군 경주시 군위군 김천시 봉화군 영천시 의령군 동부 서울특별시...,2025,F > F_001 > F_001_004 > F_001_004_001,○ 정의: 자동차 운전 시 안전벨트를 항상 착용하는 분율(%) ○ 2023년부터 ＂군위군＂ 관할구역 변경: (기존) 경상북도 -> (변경후) 대구광역시,http://kosis.kr/statHtml/statHtml.do?orgId=177&tblId=DT_H_BELT,보건 > 지역사회건강조사 > 안전의식(손상) 및 심폐소생술 > 안전의식(손상),177,질병관리청,지역사회건강조사,N,5050,2008057,지역사회건강조사,2008,DT_H_BELT,시·군·구별 운전자석 안전벨트 착용률,https://kosis.kr/statisticsList/statisticsListIndex.do?menuId=M_01_01&vwcd=MT_ZTITLE&parmTabId=M_01_01&parentId=F.1;F_001.2;F_001_004.3;F_001_004_001.4;,MT_ZTITLE,지역사회건강조사
시군구별 표준화율표준오차 조율표준오차 응답자수 표준화율 조율 중랑구 구로구 용산구 강북구 도봉구 동작구 양천구 관악구 동대문구 서대문구 성북구 종로구 광진구 동래구 기장군 남구 사하구 금정구 연제구 동구 해운대구 강서구 수영구 북구 사상구 영도구 부산진구 서구 중구 달성군 남구 금천구 노원구 서초구 중구 강남구 강서구 성동구 송파구 영등포구 강동구 마포구 은평구 울릉군 울진군 청송군 칠곡군 경주시 군위군 상주시 구미시 문경시 영덕군 의성군 영양군 영주시 예천군 청도군 경...,2019,F > F_001 > F_001_004 > F_001_004_001,ㅇ정의: 승용차나 택시 앞좌석에 탈 때 안전벨트를 항상 착용하는 사람의 분율(%),http://kosis.kr/statHtml/statHtml.do?orgId=177&tblId=DT_H_BELT_TO,보건 > 지역사회건강조사 > 안전의식(손상) 및 심폐소생술 > 안전의식(손상),177,질병관리청,지역사회건강조사,N,5050,2008057,지역사회건강조사,2008,DT_H_BELT_TO,시·군·구별 동승차량 앞좌석 안전벨트 착용률,https://kosis.kr/statisticsList/statisticsListIndex.do?menuId=M_01_01&vwcd=MT_ZTITLE&parmTabId=M_01_01&parentId=F.1;F_001.2;F_001_004.3;F_001_004_001.4;,MT_ZTITLE,지역사회건강조사
시군구별 조율 응답자수 조율표준오차 표준화율 표준화율표준오차 서대문구 강서구 남구 사하구 영도구 중구 강화군 부평구 세종시 단원구 동해시 양구군 원주시 홍성군 군산시 무주군 부안군 익산시 선산 안동시 울진군 경상남도 남해군 사천시 산청군 통영시 서부 강서구 동작구 성동구 은평구 동래구 서구 남동구 유성구 동구 북구 가평군 일산동구 과천시 구리시 남양주 풍양 부천시 광주시 안성시 평택시 강원특별자치도 속초시 횡성군 상당구 서원구 충청남도 당진시 예산군 남원시 진안군 장성군...,2025,F > F_001 > F_001_001 > F_001_001_002,"○ 정의: 최근 1년 동안 음주한 사람 중에서 남자는 한 번의 술자리에서 7잔 이상(또는 맥주 5캔 정도), 여자는 5잔 이상(또는 맥주 3캔 정도)을 주 2회 이상 음주하는 분율(%) ○ * : 변동계수(coefficient fo variation) 25-50%, ** : 변동계수 50% 이상 ○ 2023년부터 ＂군위군＂ 관할구역 변경: (기존) 경상북도 -> (변경후) 대구광역시",http://kosis.kr/statHtml/statHtml.do?orgId=177&tblId=DT_H_DR_HIGH,보건 > 지역사회건강조사 > 건강행태 > 음주,177,질병관리청,지역사회건강조사,N,5050,2008057,지역사회건강조사,2008,DT_H_DR_HIGH,시·군·구별 연간음주자의 고위험음주율,https://kosis.kr/statisticsList/statisticsListIndex.do?menuId=M_01_01&vwcd=MT_ZTITLE&parmTabId=M_01_01&parentId=F.1;F_001.2;F_001_001.3;F_001_001_002.4;,MT_ZTITLE,지역사회건강조사
시군구별 표준화율표준오차 표준화율 조율표준오차 응답자수 조율 금천구 동대문구 영등포구 문경시 남해군 창원 사천시 의령군 진주시 함양군 서초구 성동구 용산구 종로구 중랑구 기장군 남구 영도구 남구 달성군 강화군 동구 옹진군 서구 남구 세종시 가평군 남양주시 남양주 양평군 연천군 동탄 화천군 천안시 대구광역시 광주광역시 유성구 동구 중구 의정부시 광명시 중원구 상록구 오산시 삼척시 태백시 평창군 계룡시 서산시 서천군 동남구 청양군 김제시 무주군 함평군 영양군 고성군 산청군 ...,2025,F > F_001 > F_001_001 > F_001_001_002,○ 정의: 최근 1년 동안 한 달에 1회 이상 술을 마신 적이 있는 분율(%) ○ 2023년부터 ＂군위군＂ 관할구역 변경: (기존) 경상북도 -> (변경후) 대구광역시,http://kosis.kr/statHtml/statHtml.do?orgId=177&tblId=DT_H_DR_MONTH,보건 > 지역사회건강조사 > 건강행태 > 음주,177,질병관리청,지역사회건강조사,N,5050,2008057,지역사회건강조사,2008,DT_H_DR_MONTH,시·군·구별 월간음주율,https://kosis.kr/statisticsList/statisticsListIndex.do?menuId=M_01_01&vwcd=MT_ZTITLE&parmTabId=M_01_01&parentId=F.1;F_001.2;F_001_001.3;F_001_001_002.4;,MT_ZTITLE,지역사회건강조사
시군구별 표준화율 표준화율표준오차 응답자수 조율 조율표준오차 도봉구 마포구 성북구 동구 달서구 강화군 옹진군 동구 유성구 구리시 성남시 수원시 상록구 평택시 평택 동탄 강원특별자치도 강릉시 인제군 철원군 화천군 동래구 영등포구 금정구 수성구 미추홀구 광산구 울산광역시 남구 소사구 시흥시 안산시 화성시 서부 옥천군 청주시 서원구 흥덕구 아산시 전북특별자치도 김제시 담양군 장성군 봉화군 칠곡군 남구 함안군 동부 동대문구 성동구 송파구 종로구 기장군 부산진구 수영구 연제구 해...,2025,F > F_001 > F_001_001 > F_001_001_004,"○ 해당 문항은 2009년부터 조사 시작하였으며, 2018년에 조사 미수행 ○ * : 변동계수(coefficient fo variation) 25-50%, ** : 변동계수 50% 이상 ○ 2023년부터 ＂군위군＂ 관할구역 변경: (기존) 경상북도 -> (변경후) 대구광역시 ○ 2024년 지표명 변경: (기존) 중등도 이상 신체활동 실천율 ->(변경) 중강도 이상 신체활동 실천율 ○ 정의: 최근 1주일 동안 고강도 신체활동을 1일 20분 이상 주 3일 이상 또는 중강도 신체활동을 1일 30분 이상 주 5일 이상 실천한 분율(%)",http://kosis.kr/statHtml/statHtml.do?orgId=177&tblId=DT_H_EX_PHY,보건 > 지역사회건강조사 > 건강행태 > 신체활동,177,질병관리청,지역사회건강조사,N,5050,2008057,지역사회건강조사,2009,DT_H_EX_PHY,시·군·구별 중강도 이상 신체활동 실천율,https://kosis.kr/statisticsList/statisticsListIndex.do?menuId=M_01_01&vwcd=MT_ZTITLE&parmTabId=M_01_01&parentId=F.1;F_001.2;F_001_001.3;F_001_001_004.4;,MT_ZTITLE,지역사회건강조사
시군구별 표준화율표준오차 응답자수 조율표준오차 표준화율 조율 마산 동구 광산구 남구 일산동구 과천시 소사구 광명시 영통구 장안구 시흥시 안산시 기흥구 강원특별자치도 동해시 철원군 보은군 제천시 증평군 김제시 무주군 완주군 임실군 정읍시 강진군 곡성군 광양시 무안군 영암군 안동시 영주시 남구 북구 남해군 함안군 서부 관악구 금천구 도봉구 금정구 동래구 북구 달서구 군위군 강화군 부평구 중구 가평군 덕양구 오정구 횡성군 수원시 안양시 만안구 서산시 연기군 전주시 목포시 신안...,2025,F > F_001 > F_001_001 > F_001_001_004,"○ 정의: 최근 1주일 동안 1회 10분 이상, 1일 30분 이상 걷기를 주 5일 이상 실천한 분율(%) ○ 2023년부터 ＂군위군＂ 관할구역 변경: (기존) 경상북도 -> (변경후) 대구광역시",http://kosis.kr/statHtml/statHtml.do?orgId=177&tblId=DT_H_EX_WALK,보건 > 지역사회건강조사 > 건강행태 > 신체활동,177,질병관리청,지역사회건강조사,N,5050,2008057,지역사회건강조사,2008,DT_H_EX_WALK,시·군·구별 걷기 실천율,https://kosis.kr/statisticsList/statisticsListIndex.do?menuId=M_01_01&vwcd=MT_ZTITLE&parmTabId=M_01_01&parentId=F.1;F_001.2;F_001_001.3;F_001_001_004.4;,MT_ZTITLE,지역사회건강조사
시군구별 응답자수 조율 조율표준오차 표준화율 표준화율표준오차 울주군 강서구 도봉구 마포구 중구 서구 남구 연수구 광주광역시 광산구 남구 남구 북구 제주시 강남구 성동구 사하구 달서구 달성군 인천광역시 미추홀구 동구 남구 일산서구 구리시 남양주 풍양 소사구 오정구 하남시 상록구 영월군 괴산군 청주시 상당구 충청남도 동부 청송군 원주시 평창군 서원구 서천군 전라북도 고창군 남원시 순창군 무안군 보성군 영광군 완도군 장흥군 당진시 홍성군 완주군 전주시 진안군 광양시 나주시 여...,2025,F > F_001 > F_001_001 > F_001_001_005,"○ 정의 : 최근 1주일 동안 외출 후 ＂항상＂ 또는 ＂자주＂ 손을 씻는 사람의 분율(%) ○ 2013년 신규 도입, 2년 주기 설문문항 ○ 2020년에는 코로나19 유행에 따라 실태파악을 위하여 추가 조사 ○ 2023년부터 ＂군위군＂ 관할구역 변경: (기존) 경상북도 -> (변경후) 대구광역시",http://kosis.kr/statHtml/statHtml.do?orgId=177&tblId=DT_H_HAND_WASH,보건 > 지역사회건강조사 > 건강행태 > 건강생활실천,177,질병관리청,지역사회건강조사,N,5050,2008057,지역사회건강조사,2013,DT_H_HAND_WASH,시·군·구별 외출 후 손 씻기 실천율,https://kosis.kr/statisticsList/statisticsListIndex.do?menuId=M_01_01&vwcd=MT_ZTITLE&parmTabId=M_01_01&parentId=F.1;F_001.2;F_001_001.3;F_001_001_005.4;,MT_ZTITLE,지역사회건강조사
시군구별 응답자수 조율 조율표준오차 표준화율 표준화율표준오차 양구군 영월군 평창군 화천군 횡성군 진천군 전라남도 고흥군 구례군 나주시 순천시 신안군 여수시 장흥군 해남군 경산시 경주시 고령군 구미시 청송군 고성군 밀양시 양산시 함양군 제주특별자치도 강남구 강동구 중구 강서구 중구 달성군 동구 북구 울주군 강릉시 북구 달서구 강화군 부평구 연수구 중구 광주광역시 세종시 일산동구 남양주 풍양 양주시 이천시 성남시 팔달구 평택시 중구 가평군 광주시 중원구 만안구 오산시 기흥구...,2025,F > F_001 > F_001_001 > F_001_001_007,"○ 정의: 최근 1년 동안 연속적으로 2주 이상 일상생활에 지장이 있을 정도의 우울감(슬픔이나 절망감 등)을 경험한 사람의 분율(%) ○ * : 변동계수(coefficient fo variation) 25-50%, ** : 변동계수 50% 이상 ○ 2023년부터 ＂군위군＂ 관할구역 변경: (기존) 경상북도 -> (변경후) 대구광역시",http://kosis.kr/statHtml/statHtml.do?orgId=177&tblId=DT_H_MENTAL_DEPRESS,보건 > 지역사회건강조사 > 건강행태 > 정신건강,177,질병관리청,지역사회건강조사,N,5050,2008057,지역사회건강조사,2008,DT_H_MENTAL_DEPRESS,시·군·구별 연간 우울감 경험률,https://kosis.kr/statisticsList/statisticsListIndex.do?menuId=M_01_01&vwcd=MT_ZTITLE&parmTabId=M_01_01&parentId=F.1;F_001.2;F_001_001.3;F_001_001_007.4;,MT_ZTITLE,지역사회건강조사
시군구별 조율 표준화율 표준화율표준오차 조율표준오차 응답자수 광진구 동대문구 부산광역시 기장군 동구 동래구 북구 강화군 부평구 서구 대전광역시 동구 중구 가평군 남양주시 오정구 광명시 분당구 권선구 안산시 오산시 기흥구 평택 양구군 인제군 춘천시 청주시 서원구 흥덕구 계룡시 논산시 고흥군 장성군 화순군 밀양시 제주특별자치도 강남구 금정구 송파구 안동시 남해군 진주시 함안군 강서구 용산구 중구 중랑구 서구 중구 대구광역시 남동구 동구 동구 북구 세종특별자치시 김포시 여주시...,2025,F > F_001 > F_001_001 > F_001_001_007,"○ 정의: 평소 일상생활 중 스트레스를 ＂대단히 많이＂ 또는 ＂많이＂ 느끼는 분율(%) ○ * : 변동계수(coefficient fo variation) 25-50%, ** : 변동계수 50% 이상 ○ 2023년부터 ＂군위군＂ 관할구역 변경: (기존) 경상북도 -> (변경후) 대구광역시",http://kosis.kr/statHtml/statHtml.do?orgId=177&tblId=DT_H_MENTAL_STRESS,보건 > 지역사회건강조사 > 건강행태 > 정신건강,177,질병관리청,지역사회건강조사,N,5050,2008057,지역사회건강조사,2008,DT_H_MENTAL_STRESS,시·군·구별 스트레스 인지율,https://kosis.kr/statisticsList/statisticsListIndex.do?menuId=M_01_01&vwcd=MT_ZTITLE&parmTabId=M_01_01&parentId=F.1;F_001.2;F_001_001.3;F_001_001_007.4;,MT_ZTITLE,지역사회건강조사
시군구별 조율 응답자수 조율표준오차 표준화율 표준화율표준오차 중구 경기도 가평군 고양시 구리시 오정구 의정부시 분당구 안양시 화천군 괴산군 증평군 청원군 상당구 보성군 진도군 군위군 동부 김천시 진해 산청군 관악구 동대문구 성동구 송파구 영등포구 종로구 기장군 동구 연제구 대구광역시 수성구 강화군 연천군 이천시 군포시 성남시 장안구 동안구 용인시 삼척시 영월군 횡성군 계룡시 공주시 보령시 서천군 연기군 전북특별자치도 진안군 담양군 화순군 경주시 고령군 구미 상주시 함양군...,2025,F > F_001 > F_001_001 > F_001_001_003,"○ * : 변동계수(coefficient fo variation) 25-50%, ** : 변동계수 50% 이상 ○ 2023년부터 ＂군위군＂ 관할구역 변경: (기존) 경상북도 -> (변경후) 대구광역시 ○ 정의: 최근 1년 동안 체중을 ＂줄이거나＂ 또는 ＂유지＂하려고 노력했던 분율(%)",http://kosis.kr/statHtml/statHtml.do?orgId=177&tblId=DT_H_OBE_CONTROL,보건 > 지역사회건강조사 > 건강행태 > 비만 및 체중조절,177,질병관리청,지역사회건강조사,N,5050,2008057,지역사회건강조사,2008,DT_H_OBE_CONTROL,시·군·구별 연간 체중조절 시도율,https://kosis.kr/statisticsList/statisticsListIndex.do?menuId=M_01_01&vwcd=MT_ZTITLE&parmTabId=M_01_01&parentId=F.1;F_001.2;F_001_001.3;F_001_001_003.4;,MT_ZTITLE,지역사회건강조사
시군구별 조율 응답자수 표준화율표준오차 표준화율 조율표준오차 대덕구 서구 유성구 동구 중구 울주군 중구 북구 동구 남구 세종시 가평군 양주시 오산시 용인시 의왕시 연천군 목포시 무안군 진도군 나주시 여수시 해남군 영암군 화순군 보성군 신안군 장흥군 광양시 곡성군 담양군 영광군 완도군 함평군 구미시 영천시 청송군 봉화군 상주시 성주군 의성군 고령군 문경시 예천군 울릉군 울진군 군위군 안동시 영양군 영주시 청도군 칠곡군 경산시 김천시 포항시 경주시 영덕군 선산 구미 남구 북...,2016,F > F_001 > F_001_001 > F_001_001_003,해당 문항은 2017년부터 조사하지 않음 주관적으로 ＂약간 비만＂ 또는 ＂매우 비만＂이라고 생각하는 사람의 분율(%)로 정의한다.,http://kosis.kr/statHtml/statHtml.do?orgId=177&tblId=DT_H_OBE_IGN,보건 > 지역사회건강조사 > 건강행태 > 비만 및 체중조절,177,질병관리청,지역사회건강조사,N,5050,2008057,지역사회건강조사,2008,DT_H_OBE_IGN,시·군·구별 주관적 비만인지율,https://kosis.kr/statisticsList/statisticsListIndex.do?menuId=M_01_01&vwcd=MT_ZTITLE&parmTabId=M_01_01&parentId=F.1;F_001.2;F_001_001.3;F_001_001_003.4;,MT_ZTITLE,지역사회건강조사
시군구별 조율 응답자수 조율표준오차 표준화율표준오차 표준화율 강남구 광진구 동작구 중구 강서구 금정구 남구 연제구 남구 서구 군위군 인천광역시 중구 동구 유성구 울산광역시 동두천시 부천시 여주시 파주시 하남시 단원구 정선군 태백시 홍천군 순창군 익산시 진안군 구례군 영암군 해남군 고령군 구미시 구미 선산 울진군 거제시 양산시 합천군 서귀포 서부 제주시 강북구 성북구 송파구 영등포구 기장군 동구 북구 사하구 달성군 서구 구리시 남양주시 소사구 원미구 포천시 중원구 영통구 ...,2025,F > F_001 > F_001_001 > F_001_001_003,"○ 정의: 자가보고 체질량지수(kg/㎡)가 25 이상인 분율(%) ○ 2018년 연도비교 및 해석 시 주의 - 2018년: 자가보고 키/몸무게 설문 시 신체계측을 병행하여 실시 - 2008-2017년, 2020년: 자가보고 키/몸무게만 설문 ○ 2019년 조사시 자가보고 키/몸무게를 설문하지 않음에 따라 시계열 단절이 발생 ○ 2023년부터 ＂군위군＂ 관할구역 변경: (기존) 경상북도 -> (변경후) 대구광역시",http://kosis.kr/statHtml/statHtml.do?orgId=177&tblId=DT_H_OBE_OBE,보건 > 지역사회건강조사 > 건강행태 > 비만 및 체중조절,177,질병관리청,지역사회건강조사,N,5050,2008057,지역사회건강조사,2008,DT_H_OBE_OBE,시·군·구별 비만율(자가보고),https://kosis.kr/statisticsList/statisticsListIndex.do?menuId=M_01_01&vwcd=MT_ZTITLE&parmTabId=M_01_01&parentId=F.1;F_001.2;F_001_001.3;F_001_001_003.4;,MT_ZTITLE,지역사회건강조사
시군구별 표준화율 응답자수 표준화율표준오차 조율 조율표준오차 강동구 강서구 마포구 성동구 기장군 사상구 사하구 계양구 동구 북구 대덕구 유성구 일산서구 광명시 군포시 수정구 팔달구 단원구 처인구 화성시 충주시 고창군 전주시 전라남도 경주시 고령군 상주시 안동시 포항시 북구 남해군 하동군 금천구 송파구 강서구 수영구 영도구 해운대구 남구 북구 수성구 남동구 대전광역시 동구 북구 덕양구 구리시 남양주 풍양 부천시 양평군 이천시 광주시 분당구 수원시 권선구 만안구 오산시 용인...,2025,F > F_001 > F_001_001 > F_001_001_008,○ 2014년 설문문항 및 응답보기 변경으로 연도비교 시 2008-2013년 결과 제외 ○ 2020년 문항변경으로 연도비교 및 해석 시 주의 - 2019년 이전: 모든 끼니별 칫솔질 실천여부를 설문 - 2020년 이후: 점심식사 후 칫솔질 실천여부만 설문 ○ 2023년부터 ＂군위군＂ 관할구역 변경: (기존) 경상북도 -> (변경후) 대구광역시 ○ 정의: 어제 점심식사 후 칫솔질 한 분율(%),http://kosis.kr/statHtml/statHtml.do?orgId=177&tblId=DT_H_OR_BRUSH,보건 > 지역사회건강조사 > 건강행태 > 구강건강,177,질병관리청,지역사회건강조사,N,5050,2008057,지역사회건강조사,2014,DT_H_OR_BRUSH,시·군·구별 어제 점심식사 후 칫솔질 실천율,https://kosis.kr/statisticsList/statisticsListIndex.do?menuId=M_01_01&vwcd=MT_ZTITLE&parmTabId=M_01_01&parentId=F.1;F_001.2;F_001_001.3;F_001_001_008.4;,MT_ZTITLE,지역사회건강조사
시군구별 조율표준오차 표준화율표준오차 조율 표준화율 응답자수 강남구 노원구 동작구 성북구 대구광역시 달서구 달성군 동구 서구 계양구 세종특별자치시 남양주 부천시 군포시 안성시 구미 문경시 안양시 화성시 동해시 태백시 평창군 음성군 충주시 흥덕구 청원구 서북구 부안군 곡성군 보성군 진도군 화순군 밀양시 봉화군 포항시 창원시 양산시 서울특별시 광진구 구로구 동대문구 마포구 중구 강서구 금정구 남구 동래구 부산진구 사하구 영도구 중구 남구 미추홀구 옹진군 북구 서구 대전광역시...,2025,F > F_001 > F_001_001 > F_001_001_008,"○ 정의: 현재 치아나 틀니, 잇몸 등 입안의 문제로 음식을 씹는데 불편하다고 인식하는 65세 이상 분율(%) ○ 2023년부터 ＂군위군＂ 관할구역 변경: (기존) 경상북도 -> (변경후) 대구광역시",http://kosis.kr/statHtml/statHtml.do?orgId=177&tblId=DT_H_OR_INCONV,보건 > 지역사회건강조사 > 건강행태 > 구강건강,177,질병관리청,지역사회건강조사,N,5050,2008057,지역사회건강조사,2008,DT_H_OR_INCONV,시·군·구별 저작불편호소율(65세 이상),https://kosis.kr/statisticsList/statisticsListIndex.do?menuId=M_01_01&vwcd=MT_ZTITLE&parmTabId=M_01_01&parentId=F.1;F_001.2;F_001_001.3;F_001_001_008.4;,MT_ZTITLE,지역사회건강조사
시군구별 조율 응답자수 표준화율표준오차 조율표준오차 표준화율 완주군 전주시 곡성군 경주시 영덕군 울릉군 함양군 서귀포 동부 제주 관악구 광진구 도봉구 남구 군위군 계양구 북구 세종시 고양시 오정구 양평군 포천시 광명시 영통구 안성시 만안구 원주시 정선군 화천군 보은군 공주시 홍성군 고흥군 담양군 진도군 구미시 진해 사천시 의령군 진주시 강동구 금천구 서대문구 서초구 성동구 송파구 종로구 중구 기장군 북구 수영구 남구 서구 강남구 강서구 마포구 성북구 용산구 은평구 중랑구...,2025,F > F_001 > F_001_001 > F_001_001_001,○ 정의: 평생 일반담배(궐련)를 5갑(100개비) 이상 흡연한 사람으로서 현재 흡연(＂매일 피움＂ 또는 ＂가끔 피움＂)하는 분율(%) ○ 2023년부터 ＂군위군＂ 관할구역 변경: (기존) 경상북도 -> (변경후) 대구광역시,http://kosis.kr/statHtml/statHtml.do?orgId=177&tblId=DT_H_SM,보건 > 지역사회건강조사 > 건강행태 > 흡연,177,질병관리청,지역사회건강조사,N,5050,2008057,지역사회건강조사,2008,DT_H_SM,시·군·구별 현재흡연율,https://kosis.kr/statisticsList/statisticsListIndex.do?menuId=M_01_01&vwcd=MT_ZTITLE&parmTabId=M_01_01&parentId=F.1;F_001.2;F_001_001.3;F_001_001_001.4;,MT_ZTITLE,지역사회건강조사
시군구별 표준화율표준오차 표준화율 조율표준오차 응답자수 조율 연제구 금정구 영도구 수영구 해운대구 남구 사상구 강서구 동구 서구 중구 기장군 동래구 북구 달성군 서구 남구 수성구 달서구 동구 북구 중구 연수구 중구 부평구 옹진군 남동구 강화군 동구 강서구 광진구 금천구 마포구 중구 강남구 강동구 영등포구 도봉구 성북구 관악구 노원구 송파구 구로구 강북구 동대문구 성동구 용산구 중랑구 서대문구 서초구 양천구 은평구 동작구 종로구 부산진구 사하구 양평군 하남시 안양시 오산시...,2015,F > F_001 > F_001_001 > F_001_001_001,"최근 1년 동안 금연에 대한 공익 광고(TV, 라디오, 포스터, 리플렛 등)를 보거나 들어본 적이 있는 사람의 분율(%)로 정의한다. ※ 충청북도 청주시는 2014년 통합 시점을 기준으로 통합 전·후로 나누어 제시 ※ 조율: 해당 연도 및 지역의 인구 구성비를 그대로 반영하여 산출된 결과 ※ 표준화율: 연도 및 지역간 비교를 위해 인구구성 차이에 따른 영향을 표준인구(2005년 추계인구, 통계청)로 보정한 결과 [2기 순환조사(2014-2017)의 순환주기 변경(조사주기: 1년→2년)으로 인해 2014년, 2016년 결과 제외]",http://kosis.kr/statHtml/statHtml.do?orgId=177&tblId=DT_H_SM_CAM,보건 > 지역사회건강조사 > 건강행태 > 흡연,177,질병관리청,지역사회건강조사,N,5050,2008057,지역사회건강조사,2008,DT_H_SM_CAM,시군구별 연간 금연캠페인 경험률,https://kosis.kr/statisticsList/statisticsListIndex.do?menuId=M_01_01&vwcd=MT_ZTITLE&parmTabId=M_01_01&parentId=F.1;F_001.2;F_001_001.3;F_001_001_001.4;,MT_ZTITLE,지역사회건강조사
시군구별 응답자수 조율 조율표준오차 표준화율표준오차 표준화율 임실군 해남군 화순군 구미 성주군 서부 동부 강서구 관악구 구로구 서초구 송파구 중구 북구 수영구 중구 서구 광주광역시 울산광역시 남구 고성군 남해군 창녕군 서귀포 강동구 마포구 대구광역시 동구 수성구 연수구 옹진군 중구 동구 고양시 동두천시 부천시 양주시 중원구 단원구 안양시 만안구 용인시 기흥구 평창군 보은군 충주시 서원구 서대문구 성북구 영등포구 용산구 중랑구 부산광역시 동래구 사상구 북구 서구 군위군 계...,2025,F > F_001 > F_001_001 > F_001_001_001,○ 정의: 평생 일반담배(궐련)를 5갑(100개비) 이상 흡연한 사람으로서 현재 흡연(＂매일 피움＂ 또는 ＂가끔 피움＂)하는 남자의 분율(%) ○ 2023년부터 ＂군위군＂ 관할구역 변경: (기존) 경상북도 -> (변경후) 대구광역시,http://kosis.kr/statHtml/statHtml.do?orgId=177&tblId=DT_H_SM_MALE,보건 > 지역사회건강조사 > 건강행태 > 흡연,177,질병관리청,지역사회건강조사,N,5050,2008057,지역사회건강조사,2008,DT_H_SM_MALE,시·군·구별 남자 현재흡연율,https://kosis.kr/statisticsList/statisticsListIndex.do?menuId=M_01_01&vwcd=MT_ZTITLE&parmTabId=M_01_01&parentId=F.1;F_001.2;F_001_001.3;F_001_001_001.4;,MT_ZTITLE,지역사회건강조사
시군구별 표준화율표준오차 조율 응답자수 조율표준오차 표준화율 동구 북구 동두천시 연천군 포천시 용인시 동탄 삼척시 양양군 괴산군 단양군 청원군 흥덕구 예산군 청양군 전라북도 고창군 임실군 정읍시 여수시 도봉구 동작구 서초구 양천구 강서구 동구 강화군 유성구 덕양구 양주시 여주시 파주시 안산시 만안구 오산시 평택 화성시 동해시 제천시 원주시 정선군 춘천시 증평군 진천군 계룡시 당진시 홍성군 구례군 경상북도 경주시 청도군 김해시 창녕군 하동군 서부 강남구 동대문구 서대문구 ...,2025,F > F_001 > F_001_001 > F_001_001_005,"○ 정의 : 평소 손을 씻을 때 비누나 손 세정제를 ＂항상＂ 또는 ＂자주＂ 사용하는 분율(%) ○ 2013년 신규 도입, 2년 주기 설문문항 ○ 2020년에는 코로나19 유행에 따라 실태파악을 위하여 추가 조사 ○ 2023년부터 ＂군위군＂ 관할구역 변경: (기존) 경상북도 -> (변경후) 대구광역시",http://kosis.kr/statHtml/statHtml.do?orgId=177&tblId=DT_H_SOAP_USE,보건 > 지역사회건강조사 > 건강행태 > 건강생활실천,177,질병관리청,지역사회건강조사,N,5050,2008057,지역사회건강조사,2013,DT_H_SOAP_USE,"시·군·구별 비누, 손 세정제 사용률",https://kosis.kr/statisticsList/statisticsListIndex.do?menuId=M_01_01&vwcd=MT_ZTITLE&parmTabId=M_01_01&parentId=F.1;F_001.2;F_001_001.3;F_001_001_005.4;,MT_ZTITLE,지역사회건강조사
시군구별 응답자수 조율 조율표준오차 표준화율 표준화율표준오차 보령시 연기군 천안시 서북구 태안군 무안군 순천시 화순군 고령군 성주군 안동시 영천시 의성군 진주시 강남구 기장군 사상구 중구 대구광역시 동구 북구 강화군 대덕구 세종시 가평군 덕양구 과천시 소사구 수원시 시흥시 만안구 기흥구 의왕시 평택시 구로구 진해 관악구 광진구 종로구 북구 수성구 중구 계양구 미추홀구 중구 동두천시 원미구 의정부시 파주시 광주시 성남시 상록구 용인시 원주시 정선군 홍천군 화천군 충주시 공...,2025,F > F_001 > F_001_003,○ 2023년부터 ＂군위군＂ 관할구역 변경: (기존) 경상북도 -> (변경후) 대구광역시 ○ 정의: 최근 1년 동안 인플루엔자(독감) 예방접종을 받은 적이 있는 분율(%),http://kosis.kr/statHtml/statHtml.do?orgId=177&tblId=DT_INFLUENZA,보건 > 지역사회건강조사 > 예방접종 및 보건기관 이용,177,질병관리청,지역사회건강조사,N,5050,2008057,지역사회건강조사,2008,DT_INFLUENZA,시·군·구별 연간 인플루엔자 예방접종률,https://kosis.kr/statisticsList/statisticsListIndex.do?menuId=M_01_01&vwcd=MT_ZTITLE&parmTabId=M_01_01&parentId=F.1;F_001.2;F_001_003.3;,MT_ZTITLE,지역사회건강조사
시군구별 응답자수 표준화율 표준화율표준오차 조율표준오차 성동구 조율 강동구 관악구 양천구 강서구 동구 연제구 영도구 남구 서구 수성구 남동구 동구 서구 대전광역시 울산광역시 동구 가평군 일산동구 수정구 팔달구 안산시 오산시 동탄 원주시 영동군 제천시 청원군 충청남도 서북구 완주군 강진군 광양시 담양군 보성군 장성군 경상북도 문경시 영양군 예천군 울릉군 남구 고성군 밀양시 부산진구 함양군 강북구 서초구 사상구 서구 중구 북구 서구 경기도 고양시 덕양구 남양주 군포시 영통구...,2025,F > F_001 > F_001_003,"○ 2009년 신규 도입 후 2019까지 매년 조사되었으며, 코로나19 팬데믹으로 인하여 2020, 2021년 일시 중단 후 2022년 조사 재개, 2023년 조사 미실시 ○ 2023년부터 ＂군위군＂ 관할구역 변경: (기존) 경상북도 -> (변경후) 대구광역시 ○ 정의: 최근 1년 동안 보건기관을 이용한 분율(%)",http://kosis.kr/statHtml/statHtml.do?orgId=177&tblId=DT_NECE_CLINIC,보건 > 지역사회건강조사 > 예방접종 및 보건기관 이용,177,질병관리청,지역사회건강조사,N,5050,2008057,지역사회건강조사,2009,DT_NECE_CLINIC,시·군·구별 연간 보건기관 이용률,https://kosis.kr/statisticsList/statisticsListIndex.do?menuId=M_01_01&vwcd=MT_ZTITLE&parmTabId=M_01_01&parentId=F.1;F_001.2;F_001_003.3;,MT_ZTITLE,지역사회건강조사
시군구별 응답자수 표준화율 표준화율표준오차 조율표준오차 조율 양주시 이천시 포천시 군포시 수원시 시흥시 고양시 하남시 가평군 남양주시 파주시 광명시 광주시 안산시 안양시 일산서구 일산동구 덕양구 소사구 원미구 오정구 중원구 분당구 수정구 권선구 장안구 팔달구 영통구 단원구 상록구 만안구 동안구 기흥구 처인구 수지구 성동구 강북구 관악구 서대문구 서초구 성북구 강동구 도봉구 동대문구 중랑구 사하구 마포구 양천구 영등포구 송파구 동작구 종로구 강남구 강서구 광진구 노원구 용...,2018,F > F_001 > F_001_002 > F_001_002_005,"ㅇ정의: 최근 1년 동안 본인이 병의원(치과 제외)에 가고 싶을 때 가지 못한 사람의 분율(%) ㅇ해당 문항은 2008년부터 조사를 실시하였으나, 2019년 문항 변경으로 2008-2018년 시계열 단절이 발생",http://kosis.kr/statHtml/statHtml.do?orgId=177&tblId=DT_NECE_NOTTREAT,보건 > 지역사회건강조사 > 이환 및 의료이용 > 의료이용,177,질병관리청,지역사회건강조사,N,5050,2008057,지역사회건강조사,2008,DT_NECE_NOTTREAT,시·군·구별 연간 미충족의료율(병의원),https://kosis.kr/statisticsList/statisticsListIndex.do?menuId=M_01_01&vwcd=MT_ZTITLE&parmTabId=M_01_01&parentId=F.1;F_001.2;F_001_002.3;F_001_002_005.4;,MT_ZTITLE,지역사회건강조사
시군구별 표준화율 응답자수 표준화율표준오차 조율 조율표준오차 동작구 성동구 강동구 광진구 금천구 동대문구 강서구 남구 사상구 기장군 동구 사하구 연제구 영도구 북구 해운대구 동래구 부산진구 서구 서구 남구 동구 북구 수성구 달성군 달서구 중구 동구 부평구 서구 옹진군 계양구 남구 남동구 강화군 연수구 중구 광산구 동구 북구 남구 서구 대덕구 서구 관악구 서대문구 영등포구 용산구 은평구 노원구 송파구 중랑구 도봉구 성북구 강북구 구로구 마포구 종로구 중구 강남구 서초구 양...,2015,F > F_001 > F_001_004 > F_001_004_001,"최근 1년 동안 넘어진 적이 있는 사람의 분율(%)로 정의한다. [2년 순환주기 문항(2011년 신규 도입)] ※ 충청북도 청주시는 2014년 통합 시점을 기준으로 통합 전·후로 나누어 제시 ※ 조율: 해당 연도 및 지역의 인구 구성비를 그대로 반영하여 산출된 결과 ※ 표준화율: 연도 및 지역간 비교를 위해 인구구성 차이에 따른 영향을 표준인구(2005년 추계인구, 통계청)로 보정한 결과",http://kosis.kr/statHtml/statHtml.do?orgId=177&tblId=DT_SLIP,보건 > 지역사회건강조사 > 안전의식(손상) 및 심폐소생술 > 안전의식(손상),177,질병관리청,지역사회건강조사,N,5050,2008057,지역사회건강조사,2011,DT_SLIP,시군구별 연간 낙상 경험률,https://kosis.kr/statisticsList/statisticsListIndex.do?menuId=M_01_01&vwcd=MT_ZTITLE&parmTabId=M_01_01&parentId=F.1;F_001.2;F_001_004.3;F_001_004_001.4;,MT_ZTITLE,지역사회건강조사
시군구별 응답자수 조율 표준화율표준오차 표준화율 조율표준오차 일산동구 일산서구 남양주 남양주 풍양 오정구 원미구 소사구 수정구 중원구 분당구 권선구 팔달구 장안구 영통구 단원구 상록구 만안구 동안구 수지구 기흥구 처인구 송탄 평택 원주시 화천군 철원군 홍천군 속초시 양구군 동해시 춘천시 고성군 강릉시 태백시 인제군 횡성군 삼척시 양양군 영월군 정선군 김해시 창원시 함양군 남해군 창원 마산 진해 제주시 서귀포시 동부 서부 서귀포 서부 동부 제주 경상남도 제주특별자치도 강동...,2018,F > F_001 > F_001_001 > F_001_001_001,"ㅇ정의: 현재흡연자(＂매일 피움＂ 또는 ＂가끔 피움＂) 중 최근 1년 동안 담배를 끊고자 24시간 이상 금연을 시도한 적이 있는 사람의 분율(%) ㅇ해당 문항은 2008년부터 조사를 실시하였으나, 2010년, 2012년 문항 변경으로 2008-2011년 시계열 단절이 발생 ㅇ2019년 문항 변경으로 시계열 단절이 발생",http://kosis.kr/statHtml/statHtml.do?orgId=177&tblId=DT_SM_TRY,보건 > 지역사회건강조사 > 건강행태 > 흡연,177,질병관리청,지역사회건강조사,N,5050,2008057,지역사회건강조사,2012,DT_SM_TRY,시·군·구별 현재흡연자의 금연시도율,https://kosis.kr/statisticsList/statisticsListIndex.do?menuId=M_01_01&vwcd=MT_ZTITLE&parmTabId=M_01_01&parentId=F.1;F_001.2;F_001_001.3;F_001_001_001.4;,MT_ZTITLE,지역사회건강조사
시군구별 응답자수 표준화율표준오차 조율표준오차 조율 표준화율 강동구 광진구 영등포구 은평구 사하구 수영구 대구광역시 달서구 달성군 군위군 동구 광산구 동구 대전광역시 대덕구 고양시 여주시 파주시 만안구 서부 단양군 옥천군 충주시 청원구 논산시 당진시 보령시 태안군 홍성군 무주군 구례군 담양군 무안군 장성군 영덕군 영주시 의성군 거창군 마산 밀양시 의령군 진주시 합천군 제주시 서부 강남구 성동구 북구 유성구 수정구 중원구 권선구 팔달구 시흥시 단원구 수지구 평택 아산시 부...,2025,F > F_001 > F_001_001 > F_001_001_001,"○ 정의 : 담배 종류와 상관없이 현재흡연자 중 최근 1년 동안 담배를 끊고자 24시간 이상 금연을 시도한 적이 있는 분율(%) ○ * : 변동계수(coefficient fo variation) 25-50%, ** : 변동계수 50% 이상 ○ 2023년부터 ＂군위군＂ 관할구역 변경: (기존) 경상북도 -> (변경후) 대구광역시",http://kosis.kr/statHtml/statHtml.do?orgId=177&tblId=DT_SM_TRY_V2,보건 > 지역사회건강조사 > 건강행태 > 흡연,177,질병관리청,지역사회건강조사,N,5050,2008057,지역사회건강조사,2020,DT_SM_TRY_V2,시·군·구별 금연시도율(담배제품 현재사용자),https://kosis.kr/statisticsList/statisticsListIndex.do?menuId=M_01_01&vwcd=MT_ZTITLE&parmTabId=M_01_01&parentId=F.1;F_001.2;F_001_001.3;F_001_001_001.4;,MT_ZTITLE,지역사회건강조사
시군구별 표준화율표준오차 표준화율 응답자수 조율 조율표준오차 강서구 관악구 서대문구 인천광역시 강화군 강서구 사하구 서구 남구 동구 대전광역시 유성구 세종특별자치시 고양시 동두천시 양평군 파주시 영통구 상록구 안성시 기흥구 평택 춘천시 충청북도 금산군 보령시 예산군 경상북도 일산서구 남양주시 남양주 오정구 안산시 화성시 철원군 증평군 아산시 연기군 군산시 김천시 예천군 청도군 마산 밀양시 산청군 의령군 서귀포시 제주 광진구 노원구 중랑구 서구 연제구 수성구 익산시 진안군...,2025,F > F_001 > F_001_001 > F_001_001_001,○ 정의: 현재 일반담배(궐련) 또는 궐련형 전자담배 또는 액상형 전자담배 또는 기타담배를 사용하는 분율 ○ 2019년 신규 도입 ○ 2023년부터 ＂군위군＂ 관할구역 변경: (기존) 경상북도 -> (변경후) 대구광역시,http://kosis.kr/statHtml/statHtml.do?orgId=177&tblId=DT_TOBACCO_PRODUCT,보건 > 지역사회건강조사 > 건강행태 > 흡연,177,질병관리청,지역사회건강조사,N,5050,2008057,지역사회건강조사,2019,DT_TOBACCO_PRODUCT,시·군·구별 담배제품 현재사용률,https://kosis.kr/statisticsList/statisticsListIndex.do?menuId=M_01_01&vwcd=MT_ZTITLE&parmTabId=M_01_01&parentId=F.1;F_001.2;F_001_001.3;F_001_001_001.4;,MT_ZTITLE,지역사회건강조사
