id,name_ko,name_en,source_org,source_dataset,via,table,table_id,url,unit,definition,level,first_year,last_year,province_only_years,n_latest,pool_n,frequency,last_update,direction,domain,in_core,verification,missing_latest
DT_H_SM,현재흡연율,Current smoking rate,질병관리청,지역사회건강조사 시·군·구별 통계(KOSIS 공유서비스),,시·군·구별 현재흡연율,DT_H_SM,https://kosis.kr/statHtml/statHtml.do?orgId=177&tblId=DT_H_SM,%,Survey-weighted proportion (%) from ~900 respondents per survey unit; crude rate and age-sex standardized rate; standard errors from KOSIS.,survey unit (258) + province (17),2008,2025,,258,258,연 1회,2025-12-22,lower_is_better,흡연,true,verified: source table ID + URL,
DT_H_SM_MALE,남자 현재흡연율,Current smoking rate (men),질병관리청,지역사회건강조사 시·군·구별 통계(KOSIS 공유서비스),,시·군·구별 남자 현재흡연율,DT_H_SM_MALE,https://kosis.kr/statHtml/statHtml.do?orgId=177&tblId=DT_H_SM_MALE,%,Survey-weighted proportion (%) from ~900 respondents per survey unit; crude rate and age-sex standardized rate; standard errors from KOSIS.,survey unit (258) + province (17),2008,2025,,258,258,연 1회,2025-12-22,lower_is_better,흡연,true,verified: source table ID + URL,
DT_TOBACCO_PRODUCT,담배제품 현재사용률,Current tobacco product use rate,질병관리청,지역사회건강조사 시·군·구별 통계(KOSIS 공유서비스),,시·군·구별 담배제품 현재사용률,DT_TOBACCO_PRODUCT,https://kosis.kr/statHtml/statHtml.do?orgId=177&tblId=DT_TOBACCO_PRODUCT,%,Survey-weighted proportion (%) from ~900 respondents per survey unit; crude rate and age-sex standardized rate; standard errors from KOSIS.,survey unit (258) + province (17),2019,2025,,258,258,연 1회,2025-12-22,lower_is_better,흡연,true,verified: source table ID + URL,
DT_SM_TRY_V2,금연시도율,Smoking cessation attempt rate,질병관리청,지역사회건강조사 시·군·구별 통계(KOSIS 공유서비스),,시·군·구별 금연시도율(담배제품 현재사용자),DT_SM_TRY_V2,https://kosis.kr/statHtml/statHtml.do?orgId=177&tblId=DT_SM_TRY_V2,%,Survey-weighted proportion (%) from ~900 respondents per survey unit; crude rate and age-sex standardized rate; standard errors from KOSIS.,survey unit (258) + province (17),2020,2025,,258,258,연 1회,2025-12-22,higher_is_better,흡연,true,verified: source table ID + URL,
DT_117075_SM_IND_WORK_V2,직장실내 간접흡연 노출률,Second-hand smoke exposure at indoor workplaces,질병관리청,지역사회건강조사 시·군·구별 통계(KOSIS 공유서비스),,시·군·구별 직장실내 간접흡연 노출률(담배제품 현재 미사용자),DT_117075_SM_IND_WORK_V2,https://kosis.kr/statHtml/statHtml.do?orgId=177&tblId=DT_117075_SM_IND_WORK_V2,%,Survey-weighted proportion (%) from ~900 respondents per survey unit; crude rate and age-sex standardized rate; standard errors from KOSIS.,survey unit (258) + province (17),2020,2025,,257,258,연 1회,2025-12-22,lower_is_better,흡연,true,verified: source table ID + URL,세종 세종시
DT_H_DR_MONTH,월간음주율,Monthly drinking rate,질병관리청,지역사회건강조사 시·군·구별 통계(KOSIS 공유서비스),,시·군·구별 월간음주율,DT_H_DR_MONTH,https://kosis.kr/statHtml/statHtml.do?orgId=177&tblId=DT_H_DR_MONTH,%,Survey-weighted proportion (%) from ~900 respondents per survey unit; crude rate and age-sex standardized rate; standard errors from KOSIS.,survey unit (258) + province (17),2008,2025,,258,258,연 1회,2025-12-22,lower_is_better,음주,true,verified: source table ID + URL,
DT_117075_H_DR_HIGH_WH,고위험음주율,High-risk drinking rate,질병관리청,지역사회건강조사 시·군·구별 통계(KOSIS 공유서비스),,시·군·구별 고위험음주율,DT_117075_H_DR_HIGH_WH,https://kosis.kr/statHtml/statHtml.do?orgId=177&tblId=DT_117075_H_DR_HIGH_WH,%,Survey-weighted proportion (%) from ~900 respondents per survey unit; crude rate and age-sex standardized rate; standard errors from KOSIS.,survey unit (258) + province (17),2008,2025,,257,258,연 1회,2025-12-22,lower_is_better,음주,true,verified: source table ID + URL,세종 세종시
DT_H_DR_HIGH,연간음주자의 고위험음주율,High-risk drinking rate among annual drinkers,질병관리청,지역사회건강조사 시·군·구별 통계(KOSIS 공유서비스),,시·군·구별 연간음주자의 고위험음주율,DT_H_DR_HIGH,https://kosis.kr/statHtml/statHtml.do?orgId=177&tblId=DT_H_DR_HIGH,%,Survey-weighted proportion (%) from ~900 respondents per survey unit; crude rate and age-sex standardized rate; standard errors from KOSIS.,survey unit (258) + province (17),2008,2025,,258,258,연 1회,2025-12-22,lower_is_better,음주,true,verified: source table ID + URL,
DT_117075_H_DR_DRIV,연간 음주운전 경험률,Drink-driving in the past year,질병관리청,지역사회건강조사 시·군·구별 통계(KOSIS 공유서비스),,시·군·구별 자동차 또는 오토바이 운전자의 연간 음주운전 경험률,DT_117075_H_DR_DRIV,https://kosis.kr/statHtml/statHtml.do?orgId=177&tblId=DT_117075_H_DR_DRIV,%,Survey-weighted proportion (%) from ~900 respondents per survey unit; crude rate and age-sex standardized rate; standard errors from KOSIS.,survey unit (258) + province (17),2009,2025,,253,258,연 1회,2025-12-22,lower_is_better,음주,true,verified: source table ID + URL,서울 강북구; 서울 마포구; 서울 양천구; 부산 남구; 부산 동구
DT_H_EX_WALK,걷기 실천율,Walking practice rate,질병관리청,지역사회건강조사 시·군·구별 통계(KOSIS 공유서비스),,시·군·구별 걷기 실천율,DT_H_EX_WALK,https://kosis.kr/statHtml/statHtml.do?orgId=177&tblId=DT_H_EX_WALK,%,Survey-weighted proportion (%) from ~900 respondents per survey unit; crude rate and age-sex standardized rate; standard errors from KOSIS.,survey unit (258) + province (17),2008,2025,,258,258,연 1회,2025-12-22,higher_is_better,신체활동,true,verified: source table ID + URL,
DT_H_EX_PHY,중강도 이상 신체활동 실천율,Moderate-to-vigorous physical activity rate,질병관리청,지역사회건강조사 시·군·구별 통계(KOSIS 공유서비스),,시·군·구별 중강도 이상 신체활동 실천율,DT_H_EX_PHY,https://kosis.kr/statHtml/statHtml.do?orgId=177&tblId=DT_H_EX_PHY,%,Survey-weighted proportion (%) from ~900 respondents per survey unit; crude rate and age-sex standardized rate; standard errors from KOSIS.,survey unit (258) + province (17),2009,2025,,258,258,연 1회,2025-12-22,higher_is_better,신체활동,true,verified: source table ID + URL,
DT_117075_H_HEALTHY,건강생활실천율,Healthy lifestyle practice rate,질병관리청,지역사회건강조사 시·군·구별 통계(KOSIS 공유서비스),,시·군·구별 건강생활실천율,DT_117075_H_HEALTHY,https://kosis.kr/statHtml/statHtml.do?orgId=177&tblId=DT_117075_H_HEALTHY,%,Survey-weighted proportion (%) from ~900 respondents per survey unit; crude rate and age-sex standardized rate; standard errors from KOSIS.,survey unit (258) + province (17),2008,2025,,258,258,연 1회,2025-12-22,higher_is_better,신체활동,true,verified: source table ID + URL,
DT_H_OBE_OBE,비만율(자가보고),Obesity rate (self-reported),질병관리청,지역사회건강조사 시·군·구별 통계(KOSIS 공유서비스),,시·군·구별 비만율(자가보고),DT_H_OBE_OBE,https://kosis.kr/statHtml/statHtml.do?orgId=177&tblId=DT_H_OBE_OBE,%,Survey-weighted proportion (%) from ~900 respondents per survey unit; crude rate and age-sex standardized rate; standard errors from KOSIS.,survey unit (258) + province (17),2008,2025,,258,258,연 1회,2025-12-22,lower_is_better,식생활·비만,true,verified: source table ID + URL,
DT_H_OBE_CONTROL,연간 체중조절 시도율,Weight control attempt in the past year,질병관리청,지역사회건강조사 시·군·구별 통계(KOSIS 공유서비스),,시·군·구별 연간 체중조절 시도율,DT_H_OBE_CONTROL,https://kosis.kr/statHtml/statHtml.do?orgId=177&tblId=DT_H_OBE_CONTROL,%,Survey-weighted proportion (%) from ~900 respondents per survey unit; crude rate and age-sex standardized rate; standard errors from KOSIS.,survey unit (258) + province (17),2008,2025,,258,258,연 1회,2025-12-22,higher_is_better,식생활·비만,true,verified: source table ID + URL,
DT_117075_DIE_BF02,아침식사 실천율,Breakfast eating rate,질병관리청,지역사회건강조사 시·군·구별 통계(KOSIS 공유서비스),,시·군·구별 아침식사 실천율,DT_117075_DIE_BF02,https://kosis.kr/statHtml/statHtml.do?orgId=177&tblId=DT_117075_DIE_BF02,%,Survey-weighted proportion (%) from ~900 respondents per survey unit; crude rate and age-sex standardized rate; standard errors from KOSIS.,survey unit (258) + province (17),2019,2025,,257,258,연 1회,2025-12-22,higher_is_better,식생활·비만,true,verified: source table ID + URL,세종 세종시
DT_11775_NUT_LABEL_UTIL,영양표시 활용률,Nutrition label use rate,질병관리청,지역사회건강조사 시·군·구별 통계(KOSIS 공유서비스),,시·군·구별 영양표시 활용률,DT_11775_NUT_LABEL_UTIL,https://kosis.kr/statHtml/statHtml.do?orgId=177&tblId=DT_11775_NUT_LABEL_UTIL,%,Survey-weighted proportion (%) from ~900 respondents per survey unit; crude rate and age-sex standardized rate; standard errors from KOSIS.,survey unit (258) + province (17),2014,2025,,257,258,연 1회,2025-12-22,higher_is_better,식생활·비만,true,verified: source table ID + URL,세종 세종시
DT_H_MENTAL_STRESS,스트레스 인지율,Perceived stress rate,질병관리청,지역사회건강조사 시·군·구별 통계(KOSIS 공유서비스),,시·군·구별 스트레스 인지율,DT_H_MENTAL_STRESS,https://kosis.kr/statHtml/statHtml.do?orgId=177&tblId=DT_H_MENTAL_STRESS,%,Survey-weighted proportion (%) from ~900 respondents per survey unit; crude rate and age-sex standardized rate; standard errors from KOSIS.,survey unit (258) + province (17),2008,2025,,258,258,연 1회,2025-12-22,lower_is_better,정신건강,true,verified: source table ID + URL,
DT_H_MENTAL_DEPRESS,연간 우울감 경험률,Depressed mood in the past year,질병관리청,지역사회건강조사 시·군·구별 통계(KOSIS 공유서비스),,시·군·구별 연간 우울감 경험률,DT_H_MENTAL_DEPRESS,https://kosis.kr/statHtml/statHtml.do?orgId=177&tblId=DT_H_MENTAL_DEPRESS,%,Survey-weighted proportion (%) from ~900 respondents per survey unit; crude rate and age-sex standardized rate; standard errors from KOSIS.,survey unit (258) + province (17),2008,2025,,258,258,연 1회,2025-12-22,lower_is_better,정신건강,true,verified: source table ID + URL,
DT_117075_H_MENTAL_DEPRESS_SYM,우울증상 유병률,Prevalence of depressive symptoms,질병관리청,지역사회건강조사 시·군·구별 통계(KOSIS 공유서비스),,시·군·구별 우울증상유병률,DT_117075_H_MENTAL_DEPRESS_SYM,https://kosis.kr/statHtml/statHtml.do?orgId=177&tblId=DT_117075_H_MENTAL_DEPRESS_SYM,%,Survey-weighted proportion (%) from ~900 respondents per survey unit; crude rate and age-sex standardized rate; standard errors from KOSIS.,survey unit (258) + province (17),2017,2025,,257,258,연 1회,2025-12-22,lower_is_better,정신건강,true,verified: source table ID + URL,세종 세종시
DT_H_OR_BRUSH,점심식사 후 칫솔질 실천율,Tooth brushing after lunch,질병관리청,지역사회건강조사 시·군·구별 통계(KOSIS 공유서비스),,시·군·구별 어제 점심식사 후 칫솔질 실천율,DT_H_OR_BRUSH,https://kosis.kr/statHtml/statHtml.do?orgId=177&tblId=DT_H_OR_BRUSH,%,Survey-weighted proportion (%) from ~900 respondents per survey unit; crude rate and age-sex standardized rate; standard errors from KOSIS.,survey unit (258) + province (17),2014,2025,,257,258,연 1회,2025-12-22,higher_is_better,구강건강,true,verified: source table ID + URL,세종 세종시
DT_H_OR_INCONV,저작불편호소율(65세 이상),Chewing difficulty (aged 65+),질병관리청,지역사회건강조사 시·군·구별 통계(KOSIS 공유서비스),,시·군·구별 저작불편호소율(65세 이상),DT_H_OR_INCONV,https://kosis.kr/statHtml/statHtml.do?orgId=177&tblId=DT_H_OR_INCONV,%,Survey-weighted proportion (%) from ~900 respondents per survey unit; crude rate and age-sex standardized rate; standard errors from KOSIS.,survey unit (258) + province (17),2008,2025,,258,258,연 1회,2025-12-22,lower_is_better,구강건강,true,verified: source table ID + URL,
DT_HYPER_DOCTOR,고혈압 진단 경험률(30세 이상),Diagnosed hypertension (aged 30+),질병관리청,지역사회건강조사 시·군·구별 통계(KOSIS 공유서비스),,시·군·구별 고혈압 진단 경험률(30세 이상),DT_HYPER_DOCTOR,https://kosis.kr/statHtml/statHtml.do?orgId=177&tblId=DT_HYPER_DOCTOR,%,Survey-weighted proportion (%) from ~900 respondents per survey unit; crude rate and age-sex standardized rate; standard errors from KOSIS.,survey unit (258) + province (17),2008,2025,,258,258,연 1회,2025-12-22,lower_is_better,만성질환,true,verified: source table ID + URL,
DT_HYPER_DOCTOR_DRUG,고혈압 진단 경험자의 치료율,Treatment rate among people with diagnosed hypertension,질병관리청,지역사회건강조사 시·군·구별 통계(KOSIS 공유서비스),,시·군·구별 고혈압 진단 경험자(30세 이상)의 치료율,DT_HYPER_DOCTOR_DRUG,https://kosis.kr/statHtml/statHtml.do?orgId=177&tblId=DT_HYPER_DOCTOR_DRUG,%,Survey-weighted proportion (%) from ~900 respondents per survey unit; crude rate and age-sex standardized rate; standard errors from KOSIS.,survey unit (258) + province (17),2008,2025,,258,258,연 1회,2025-12-22,higher_is_better,만성질환,true,verified: source table ID + URL,
DT_DIA_DOCTOR,당뇨병 진단 경험률(30세 이상),Diagnosed diabetes (aged 30+),질병관리청,지역사회건강조사 시·군·구별 통계(KOSIS 공유서비스),,시·군·구별 당뇨병 진단 경험률(30세 이상),DT_DIA_DOCTOR,https://kosis.kr/statHtml/statHtml.do?orgId=177&tblId=DT_DIA_DOCTOR,%,Survey-weighted proportion (%) from ~900 respondents per survey unit; crude rate and age-sex standardized rate; standard errors from KOSIS.,survey unit (258) + province (17),2008,2025,,258,258,연 1회,2025-12-22,lower_is_better,만성질환,true,verified: source table ID + URL,
DT_DIA_TREAT,당뇨병 진단 경험자의 치료율,Treatment rate among people with diagnosed diabetes,질병관리청,지역사회건강조사 시·군·구별 통계(KOSIS 공유서비스),,시·군·구별 당뇨병 진단 경험자(30세 이상)의 치료율,DT_DIA_TREAT,https://kosis.kr/statHtml/statHtml.do?orgId=177&tblId=DT_DIA_TREAT,%,Survey-weighted proportion (%) from ~900 respondents per survey unit; crude rate and age-sex standardized rate; standard errors from KOSIS.,survey unit (258) + province (17),2008,2025,,258,258,연 1회,2025-12-22,higher_is_better,만성질환,true,verified: source table ID + URL,
DT_DIA_EYE,당뇨병 안저검사 수진율,Diabetic eye (fundus) examination rate,질병관리청,지역사회건강조사 시·군·구별 통계(KOSIS 공유서비스),,시·군·구별 연간 당뇨성 안질환 합병증검사(안저검사) 수진율(30세 이상),DT_DIA_EYE,https://kosis.kr/statHtml/statHtml.do?orgId=177&tblId=DT_DIA_EYE,%,Survey-weighted proportion (%) from ~900 respondents per survey unit; crude rate and age-sex standardized rate; standard errors from KOSIS.,survey unit (258) + province (17),2008,2025,,258,258,연 1회,2025-12-22,higher_is_better,만성질환,true,verified: source table ID + URL,
DT_DIA_KIDNEY,당뇨병 미세단백뇨검사 수진율,Diabetic microalbuminuria test rate,질병관리청,지역사회건강조사 시·군·구별 통계(KOSIS 공유서비스),,시·군·구별 연간 당뇨성 신장질환 합병증검사(미세단백뇨검사) 수진율(30세 이상),DT_DIA_KIDNEY,https://kosis.kr/statHtml/statHtml.do?orgId=177&tblId=DT_DIA_KIDNEY,%,Survey-weighted proportion (%) from ~900 respondents per survey unit; crude rate and age-sex standardized rate; standard errors from KOSIS.,survey unit (258) + province (17),2011,2025,,258,258,연 1회,2025-12-22,higher_is_better,만성질환,true,verified: source table ID + URL,
DT_117075_HYPER_AWAR,혈압수치 인지율,Awareness of own blood pressure level,질병관리청,지역사회건강조사 시·군·구별 통계(KOSIS 공유서비스),,시·군·구별 혈압수치 인지율,DT_117075_HYPER_AWAR,https://kosis.kr/statHtml/statHtml.do?orgId=177&tblId=DT_117075_HYPER_AWAR,%,Survey-weighted proportion (%) from ~900 respondents per survey unit; crude rate and age-sex standardized rate; standard errors from KOSIS.,survey unit (258) + province (17),2011,2025,,258,258,연 1회,2025-12-22,higher_is_better,만성질환,true,verified: source table ID + URL,
DT_117075_DIA_AWAR,혈당수치 인지율,Awareness of own blood glucose level,질병관리청,지역사회건강조사 시·군·구별 통계(KOSIS 공유서비스),,시·군·구별 혈당수치 인지율,DT_117075_DIA_AWAR,https://kosis.kr/statHtml/statHtml.do?orgId=177&tblId=DT_117075_DIA_AWAR,%,Survey-weighted proportion (%) from ~900 respondents per survey unit; crude rate and age-sex standardized rate; standard errors from KOSIS.,survey unit (258) + province (17),2011,2025,,258,258,연 1회,2025-12-22,higher_is_better,만성질환,true,verified: source table ID + URL,
DT_117075_STR_EARLY_SYM,뇌졸중 조기증상 인지율,Awareness of early stroke symptoms,질병관리청,지역사회건강조사 시·군·구별 통계(KOSIS 공유서비스),,시·군·구별 뇌졸중(중풍) 조기증상 인지율,DT_117075_STR_EARLY_SYM,https://kosis.kr/statHtml/statHtml.do?orgId=177&tblId=DT_117075_STR_EARLY_SYM,%,Survey-weighted proportion (%) from ~900 respondents per survey unit; crude rate and age-sex standardized rate; standard errors from KOSIS.,survey unit (258) + province (17),2017,2025,,257,258,연 1회,2025-12-22,higher_is_better,만성질환,true,verified: source table ID + URL,세종 세종시
DT_117075_MYO_EARLY_SYM,심근경색증 조기증상 인지율,Awareness of early heart attack symptoms,질병관리청,지역사회건강조사 시·군·구별 통계(KOSIS 공유서비스),,시·군·구별 심근경색증 조기증상 인지율,DT_117075_MYO_EARLY_SYM,https://kosis.kr/statHtml/statHtml.do?orgId=177&tblId=DT_117075_MYO_EARLY_SYM,%,Survey-weighted proportion (%) from ~900 respondents per survey unit; crude rate and age-sex standardized rate; standard errors from KOSIS.,survey unit (258) + province (17),2017,2025,,257,258,연 1회,2025-12-22,higher_is_better,만성질환,true,verified: source table ID + URL,세종 세종시
DT_INFLUENZA,인플루엔자 예방접종률,Influenza vaccination rate,질병관리청,지역사회건강조사 시·군·구별 통계(KOSIS 공유서비스),,시·군·구별 연간 인플루엔자 예방접종률,DT_INFLUENZA,https://kosis.kr/statHtml/statHtml.do?orgId=177&tblId=DT_INFLUENZA,%,Survey-weighted proportion (%) from ~900 respondents per survey unit; crude rate and age-sex standardized rate; standard errors from KOSIS.,survey unit (258) + province (17),2008,2025,,258,258,연 1회,2025-12-22,higher_is_better,예방·안전,true,verified: source table ID + URL,
DT_CPR_EDU,심폐소생술 교육경험률,CPR training experience,질병관리청,지역사회건강조사 시·군·구별 통계(KOSIS 공유서비스),,시·군·구별 심폐소생술 교육경험률,DT_CPR_EDU,https://kosis.kr/statHtml/statHtml.do?orgId=177&tblId=DT_CPR_EDU,%,Survey-weighted proportion (%) from ~900 respondents per survey unit; crude rate and age-sex standardized rate; standard errors from KOSIS.,survey unit (258) + province (17),2012,2024,,258,258,연 1회,2025-12-22,higher_is_better,예방·안전,true,verified: source table ID + URL,
DT_CPR_AWAR,심폐소생술 인지율,CPR awareness,질병관리청,지역사회건강조사 시·군·구별 통계(KOSIS 공유서비스),,시·군·구별 심폐소생술 인지율,DT_CPR_AWAR,https://kosis.kr/statHtml/statHtml.do?orgId=177&tblId=DT_CPR_AWAR,%,Survey-weighted proportion (%) from ~900 respondents per survey unit; crude rate and age-sex standardized rate; standard errors from KOSIS.,survey unit (258) + province (17),2012,2024,,258,258,연 1회,2025-12-22,higher_is_better,예방·안전,true,verified: source table ID + URL,
DT_H_BELT,운전자석 안전벨트 착용률,Seat belt use (driver),질병관리청,지역사회건강조사 시·군·구별 통계(KOSIS 공유서비스),,시·군·구별 운전자석 안전벨트 착용률,DT_H_BELT,https://kosis.kr/statHtml/statHtml.do?orgId=177&tblId=DT_H_BELT,%,Survey-weighted proportion (%) from ~900 respondents per survey unit; crude rate and age-sex standardized rate; standard errors from KOSIS.,survey unit (258) + province (17),2008,2025,,258,258,연 1회,2025-12-22,higher_is_better,예방·안전,true,verified: source table ID + URL,
DT_117075_H_BELT_BACK,뒷좌석 안전벨트 착용률,Seat belt use (rear seat),질병관리청,지역사회건강조사 시·군·구별 통계(KOSIS 공유서비스),,시·군·구별 동승차량 뒷좌석 안전벨트 착용률,DT_117075_H_BELT_BACK,https://kosis.kr/statHtml/statHtml.do?orgId=177&tblId=DT_117075_H_BELT_BACK,%,Survey-weighted proportion (%) from ~900 respondents per survey unit; crude rate and age-sex standardized rate; standard errors from KOSIS.,survey unit (258) + province (17),2014,2025,,257,258,연 1회,2025-12-22,higher_is_better,예방·안전,true,verified: source table ID + URL,세종 세종시
DT_H_HAND_WASH,외출 후 손 씻기 실천율,Hand washing after going out,질병관리청,지역사회건강조사 시·군·구별 통계(KOSIS 공유서비스),,시·군·구별 외출 후 손 씻기 실천율,DT_H_HAND_WASH,https://kosis.kr/statHtml/statHtml.do?orgId=177&tblId=DT_H_HAND_WASH,%,Survey-weighted proportion (%) from ~900 respondents per survey unit; crude rate and age-sex standardized rate; standard errors from KOSIS.,survey unit (258) + province (17),2013,2025,,258,258,연 1회,2025-12-22,higher_is_better,예방·안전,true,verified: source table ID + URL,
DT_H_SOAP_USE,비누·손세정제 사용률,Use of soap or hand sanitizer,질병관리청,지역사회건강조사 시·군·구별 통계(KOSIS 공유서비스),,시·군·구별 비누 손 세정제 사용률,DT_H_SOAP_USE,https://kosis.kr/statHtml/statHtml.do?orgId=177&tblId=DT_H_SOAP_USE,%,Survey-weighted proportion (%) from ~900 respondents per survey unit; crude rate and age-sex standardized rate; standard errors from KOSIS.,survey unit (258) + province (17),2013,2025,,258,258,연 1회,2025-12-22,higher_is_better,예방·안전,true,verified: source table ID + URL,
DT_117075_NECE_NTR02,연간 미충족의료율,Unmet healthcare need in the past year,질병관리청,지역사회건강조사 시·군·구별 통계(KOSIS 공유서비스),,시·군·구별 연간 미충족의료율(병의원),DT_117075_NECE_NTR02,https://kosis.kr/statHtml/statHtml.do?orgId=177&tblId=DT_117075_NECE_NTR02,%,Survey-weighted proportion (%) from ~900 respondents per survey unit; crude rate and age-sex standardized rate; standard errors from KOSIS.,survey unit (258) + province (17),2019,2025,,257,258,연 1회,2025-12-22,lower_is_better,의료이용,true,verified: source table ID + URL,세종 세종시
DT_NECE_CLINIC,연간 보건기관 이용률,,질병관리청,지역사회건강조사 시·군·구별 통계(KOSIS 공유서비스),,시·군·구별 연간 보건기관 이용률,DT_NECE_CLINIC,https://kosis.kr/statHtml/statHtml.do?orgId=177&tblId=DT_NECE_CLINIC,%,Survey-weighted proportion (%) from ~900 respondents per survey unit; crude rate and age-sex standardized rate; standard errors from KOSIS.,survey unit (258) + province (17),2009,2025,,258,258,연 1회,2025-12-22,context,의료이용,false,verified: source table ID + URL,
DT_HEALTH_RECOG,주관적 건강인지율,Self-rated good health,질병관리청,지역사회건강조사 시·군·구별 통계(KOSIS 공유서비스),,시·군·구별 주관적 건강인지율,DT_HEALTH_RECOG,https://kosis.kr/statHtml/statHtml.do?orgId=177&tblId=DT_HEALTH_RECOG,%,Survey-weighted proportion (%) from ~900 respondents per survey unit; crude rate and age-sex standardized rate; standard errors from KOSIS.,survey unit (258) + province (17),2008,2025,,258,258,연 1회,2025-12-22,higher_is_better,의료이용,true,verified: source table ID + URL,
HLE_LE,기대수명(추정),,자체 산출(근사),"시군구 건강수명 산출법 v1 — Sullivan 방식, 주관적 건강 기반",,기대수명(추정) — 자체 산출(근사),,,세,Sullivan method: life table × self-rated health (approximation; not an official statistic).,municipality (229) + province (17),2017,2024,,229,229,사망원인통계 공표 후,2026-09-25,higher_is_better,건강수명,false,source organization named; table ID not stored,
HLE_HLE,건강수명(주관적 건강 기반·근사),,자체 산출(근사),"시군구 건강수명 산출법 v1 — Sullivan 방식, 주관적 건강 기반",,건강수명(추정) — 자체 산출(근사),,,세,Sullivan method: life table × self-rated health (approximation; not an official statistic).,municipality (229) + province (17),2017,2024,,229,229,사망원인통계 공표 후,2026-09-25,higher_is_better,건강수명,false,source organization named; table ID not stored,
HLE_UNH,불건강 기간(기대수명−건강수명),,자체 산출(근사),"시군구 건강수명 산출법 v1 — Sullivan 방식, 주관적 건강 기반",,불건강 기간 — 자체 산출(근사),,,세,Sullivan method: life table × self-rated health (approximation; not an official statistic).,municipality (229) + province (17),2017,2024,,229,229,사망원인통계 공표 후,2026-09-25,lower_is_better,건강수명,false,source organization named; table ID not stored,
K_MORT_ALL,총사망 표준화사망률,,국가데이터처(옛 통계청),사망원인통계 — 시군구별 연령표준화 사망률,via KDH DB v1.7 (KDCA archive),원자료명 「총사망 표준화사망률」 · 원 출처 통계청 「사망원인통계」,,,명/10만명,"Age-standardized death rate per 100,000 population (crude rate also).",municipality (229) + province (17),2008,2025,,227,229,연 1회(9월 하순),2026-09-22,lower_is_better,사망률(표준화),false,source organization named in secondary DB catalog; original table ID not stored,대구 군위군; 세종 세종시
K_MORT_CA,악성신생물(암) 표준화사망률,,국가데이터처(옛 통계청),사망원인통계 — 시군구별 연령표준화 사망률,via KDH DB v1.7 (KDCA archive),원자료명 「악성신생물(암) 표준화사망률」 · 원 출처 통계청 「사망원인통계」,,,명/10만명,"Age-standardized death rate per 100,000 population (crude rate also).",municipality (229) + province (17),2008,2025,,227,229,연 1회(9월 하순),2026-09-22,lower_is_better,사망률(표준화),false,source organization named in secondary DB catalog; original table ID not stored,대구 군위군; 세종 세종시
K_MORT_STO,위암 표준화사망률,,국가데이터처(옛 통계청),사망원인통계 — 시군구별 연령표준화 사망률,via KDH DB v1.7 (KDCA archive),원자료명 「위암 표준화사망률」 · 원 출처 통계청 「사망원인통계」,,,명/10만명,"Age-standardized death rate per 100,000 population (crude rate also).",municipality (229) + province (17),2008,2025,,227,229,연 1회(9월 하순),2026-09-22,lower_is_better,사망률(표준화),false,source organization named in secondary DB catalog; original table ID not stored,대구 군위군; 세종 세종시
K_MORT_LIV,간암 표준화사망률,,국가데이터처(옛 통계청),사망원인통계 — 시군구별 연령표준화 사망률,via KDH DB v1.7 (KDCA archive),원자료명 「간암 표준화사망률」 · 원 출처 통계청 「사망원인통계」,,,명/10만명,"Age-standardized death rate per 100,000 population (crude rate also).",municipality (229) + province (17),2008,2025,,227,229,연 1회(9월 하순),2026-09-22,lower_is_better,사망률(표준화),false,source organization named in secondary DB catalog; original table ID not stored,대구 군위군; 세종 세종시
K_MORT_LUNG,폐암 표준화사망률,,국가데이터처(옛 통계청),사망원인통계 — 시군구별 연령표준화 사망률,via KDH DB v1.7 (KDCA archive),원자료명 「폐암 표준화사망률」 · 원 출처 통계청 「사망원인통계」,,,명/10만명,"Age-standardized death rate per 100,000 population (crude rate also).",municipality (229) + province (17),2008,2025,,227,229,연 1회(9월 하순),2026-09-22,lower_is_better,사망률(표준화),false,source organization named in secondary DB catalog; original table ID not stored,대구 군위군; 세종 세종시
K_MORT_COL,대장암 표준화사망률,,국가데이터처(옛 통계청),사망원인통계 — 시군구별 연령표준화 사망률,via KDH DB v1.7 (KDCA archive),원자료명 「대장암 표준화사망률」 · 원 출처 통계청 「사망원인통계」,,,명/10만명,"Age-standardized death rate per 100,000 population (crude rate also).",municipality (229) + province (17),2008,2025,,227,229,연 1회(9월 하순),2026-09-22,lower_is_better,사망률(표준화),false,source organization named in secondary DB catalog; original table ID not stored,대구 군위군; 세종 세종시
K_MORT_HEART,심장질환 표준화사망률,,국가데이터처(옛 통계청),사망원인통계 — 시군구별 연령표준화 사망률,via KDH DB v1.7 (KDCA archive),원자료명 「심장질환 표준화사망률」 · 원 출처 통계청 「사망원인통계」,,,명/10만명,"Age-standardized death rate per 100,000 population (crude rate also).",municipality (229) + province (17),2008,2025,,227,229,연 1회(9월 하순),2026-09-22,lower_is_better,사망률(표준화),false,source organization named in secondary DB catalog; original table ID not stored,대구 군위군; 세종 세종시
K_MORT_IHD,허혈성심장질환 표준화사망률,,국가데이터처(옛 통계청),사망원인통계 — 시군구별 연령표준화 사망률,via KDH DB v1.7 (KDCA archive),원자료명 「허혈성심장질환 표준화사망률」 · 원 출처 통계청 「사망원인통계」,,,명/10만명,"Age-standardized death rate per 100,000 population (crude rate also).",municipality (229) + province (17),2008,2025,,227,229,연 1회(9월 하순),2026-09-22,lower_is_better,사망률(표준화),false,source organization named in secondary DB catalog; original table ID not stored,대구 군위군; 세종 세종시
K_MORT_CVA,뇌혈관질환 표준화사망률,,국가데이터처(옛 통계청),사망원인통계 — 시군구별 연령표준화 사망률,via KDH DB v1.7 (KDCA archive),원자료명 「뇌혈관질환 표준화사망률」 · 원 출처 통계청 「사망원인통계」,,,명/10만명,"Age-standardized death rate per 100,000 population (crude rate also).",municipality (229) + province (17),2008,2025,,227,229,연 1회(9월 하순),2026-09-22,lower_is_better,사망률(표준화),false,source organization named in secondary DB catalog; original table ID not stored,대구 군위군; 세종 세종시
K_MORT_PNEU,폐렴 표준화사망률,,국가데이터처(옛 통계청),사망원인통계 — 시군구별 연령표준화 사망률,via KDH DB v1.7 (KDCA archive),원자료명 「폐렴 표준화사망률」 · 원 출처 통계청 「사망원인통계」,,,명/10만명,"Age-standardized death rate per 100,000 population (crude rate also).",municipality (229) + province (17),2008,2025,,227,229,연 1회(9월 하순),2026-09-22,lower_is_better,사망률(표준화),false,source organization named in secondary DB catalog; original table ID not stored,대구 군위군; 세종 세종시
K_MORT_DM,당뇨병 표준화사망률,,국가데이터처(옛 통계청),사망원인통계 — 시군구별 연령표준화 사망률,via KDH DB v1.7 (KDCA archive),원자료명 「당뇨병 표준화사망률」 · 원 출처 통계청 「사망원인통계」,,,명/10만명,"Age-standardized death rate per 100,000 population (crude rate also).",municipality (229) + province (17),2008,2025,,227,229,연 1회(9월 하순),2026-09-22,lower_is_better,사망률(표준화),false,source organization named in secondary DB catalog; original table ID not stored,대구 군위군; 세종 세종시
K_MORT_ALZ,알츠하이머병 표준화사망률,,국가데이터처(옛 통계청),사망원인통계 — 시군구별 연령표준화 사망률,via KDH DB v1.7 (KDCA archive),원자료명 「알츠하이머병 표준화사망률」 · 원 출처 통계청 「사망원인통계」,,,명/10만명,"Age-standardized death rate per 100,000 population (crude rate also).",municipality (229) + province (17),2008,2025,,227,229,연 1회(9월 하순),2026-09-22,lower_is_better,사망률(표준화),false,source organization named in secondary DB catalog; original table ID not stored,대구 군위군; 세종 세종시
K_MORT_HTN,고혈압성질환 표준화사망률,,국가데이터처(옛 통계청),사망원인통계 — 시군구별 연령표준화 사망률,via KDH DB v1.7 (KDCA archive),원자료명 「고혈압성질환 표준화사망률」 · 원 출처 통계청 「사망원인통계」,,,명/10만명,"Age-standardized death rate per 100,000 population (crude rate also).",municipality (229) + province (17),2008,2025,,227,229,연 1회(9월 하순),2026-09-22,lower_is_better,사망률(표준화),false,source organization named in secondary DB catalog; original table ID not stored,대구 군위군; 세종 세종시
K_MORT_LIVD,간질환 표준화사망률,,국가데이터처(옛 통계청),사망원인통계 — 시군구별 연령표준화 사망률,via KDH DB v1.7 (KDCA archive),원자료명 「간질환 표준화사망률」 · 원 출처 통계청 「사망원인통계」,,,명/10만명,"Age-standardized death rate per 100,000 population (crude rate also).",municipality (229) + province (17),2008,2025,,227,229,연 1회(9월 하순),2026-09-22,lower_is_better,사망률(표준화),false,source organization named in secondary DB catalog; original table ID not stored,대구 군위군; 세종 세종시
K_MORT_COPD,만성하기도질환 표준화사망률,,국가데이터처(옛 통계청),사망원인통계 — 시군구별 연령표준화 사망률,via KDH DB v1.7 (KDCA archive),원자료명 「만성하기도질환 표준화사망률」 · 원 출처 통계청 「사망원인통계」,,,명/10만명,"Age-standardized death rate per 100,000 population (crude rate also).",municipality (229) + province (17),2008,2025,,227,229,연 1회(9월 하순),2026-09-22,lower_is_better,사망률(표준화),false,source organization named in secondary DB catalog; original table ID not stored,대구 군위군; 세종 세종시
K_MORT_SUI,고의적 자해(자살) 표준화사망률,,국가데이터처(옛 통계청),사망원인통계 — 시군구별 연령표준화 사망률,via KDH DB v1.7 (KDCA archive),원자료명 「고의적 자해(자살) 표준화사망률」 · 원 출처 통계청 「사망원인통계」,,,명/10만명,"Age-standardized death rate per 100,000 population (crude rate also).",municipality (229) + province (17),2008,2025,,227,229,연 1회(9월 하순),2026-09-22,lower_is_better,사망률(표준화),false,source organization named in secondary DB catalog; original table ID not stored,대구 군위군; 세종 세종시
K_MORT_TRA,운수사고 표준화사망률,,국가데이터처(옛 통계청),사망원인통계 — 시군구별 연령표준화 사망률,via KDH DB v1.7 (KDCA archive),원자료명 「운수사고 표준화사망률」 · 원 출처 통계청 「사망원인통계」,,,명/10만명,"Age-standardized death rate per 100,000 population (crude rate also).",municipality (229) + province (17),2008,2025,,227,229,연 1회(9월 하순),2026-09-22,lower_is_better,사망률(표준화),false,source organization named in secondary DB catalog; original table ID not stored,대구 군위군; 세종 세종시
K_MORT_FALL,추락(낙상) 표준화사망률,,국가데이터처(옛 통계청),사망원인통계 — 시군구별 연령표준화 사망률,via KDH DB v1.7 (KDCA archive),원자료명 「추락(낙상) 표준화사망률」 · 원 출처 통계청 「사망원인통계」,,,명/10만명,"Age-standardized death rate per 100,000 population (crude rate also).",municipality (229) + province (17),2008,2025,,227,229,연 1회(9월 하순),2026-09-22,lower_is_better,사망률(표준화),false,source organization named in secondary DB catalog; original table ID not stored,대구 군위군; 세종 세종시
K_MORT_SEP,패혈증 표준화사망률,,국가데이터처(옛 통계청),사망원인통계 — 시군구별 연령표준화 사망률,via KDH DB v1.7 (KDCA archive),원자료명 「패혈증 표준화사망률」 · 원 출처 통계청 「사망원인통계」,,,명/10만명,"Age-standardized death rate per 100,000 population (crude rate also).",municipality (229) + province (17),2008,2025,,227,229,연 1회(9월 하순),2026-09-22,lower_is_better,사망률(표준화),false,source organization named in secondary DB catalog; original table ID not stored,대구 군위군; 세종 세종시
K_MORT_TB,호흡기결핵 표준화사망률,,국가데이터처(옛 통계청),사망원인통계 — 시군구별 연령표준화 사망률,via KDH DB v1.7 (KDCA archive),원자료명 「호흡기결핵 표준화사망률」 · 원 출처 통계청 「사망원인통계」,,,명/10만명,"Age-standardized death rate per 100,000 population (crude rate also).",municipality (229) + province (17),2008,2025,,227,229,연 1회(9월 하순),2026-09-22,lower_is_better,사망률(표준화),false,source organization named in secondary DB catalog; original table ID not stored,대구 군위군; 세종 세종시
K_MORT_HOM,가해(타살) 표준화사망률,,국가데이터처(옛 통계청),사망원인통계 — 시군구별 연령표준화 사망률,via KDH DB v1.7 (KDCA archive),원자료명 「가해(타살) 표준화사망률」 · 원 출처 통계청 「사망원인통계」,,,명/10만명,"Age-standardized death rate per 100,000 population (crude rate also).",municipality (229) + province (17),2008,2025,,227,229,연 1회(9월 하순),2026-09-22,lower_is_better,사망률(표준화),false,source organization named in secondary DB catalog; original table ID not stored,대구 군위군; 세종 세종시
K_MORT_INF,영아사망률,,국가데이터처(옛 통계청),사망원인통계 — 시군구별 연령표준화 사망률,via KDH DB v1.7 (KDCA archive),원자료명 「영아사망률」 · 원 출처 통계청 「사망원인통계」,,,명/출생아 10만명,"Age-standardized death rate per 100,000 population (crude rate also).",municipality (229) + province (17),,,2008; 2009; 2010; 2011; 2012; 2013; 2014; 2015; 2016; 2017; 2018; 2019; 2020; 2021; 2022; 2023; 2024,0,229,연 1회(9월 하순),2026-09-22,lower_is_better,사망률(표준화),false,source organization named in secondary DB catalog; original table ID not stored,
K_INF_VAR,수두 발생률,,질병관리청,법정감염병 발생보고 · 결핵환자 신고현황,via KDH DB v1.7 (KDCA archive),원자료명 「수두 발생률」,,,명/10만명,"Notified cases per 100,000 population.",municipality (229) + province (17),2008,2024,,216,229,연 1회,2026-09-08,lower_is_better,감염병 발생률,false,source organization named in secondary DB catalog; original table ID not stored,대구 군위군; 세종 세종시; 경기 고양시; 경기 성남시; 경기 수원시; 경기 안산시; 경기 안양시; 경기 용인시; 충북 청주시; 충남 천안시; 전북 전주시; 경북 포항시; 경남 창원시
K_INF_MUMPS,유행성이하선염 발생률,,질병관리청,법정감염병 발생보고 · 결핵환자 신고현황,via KDH DB v1.7 (KDCA archive),원자료명 「유행성이하선염 발생률」,,,명/10만명,"Notified cases per 100,000 population.",municipality (229) + province (17),2008,2024,,216,229,연 1회,2026-09-08,lower_is_better,감염병 발생률,false,source organization named in secondary DB catalog; original table ID not stored,대구 군위군; 세종 세종시; 경기 고양시; 경기 성남시; 경기 수원시; 경기 안산시; 경기 안양시; 경기 용인시; 충북 청주시; 충남 천안시; 전북 전주시; 경북 포항시; 경남 창원시
K_INF_HAV,A형간염 발생률,,질병관리청,법정감염병 발생보고 · 결핵환자 신고현황,via KDH DB v1.7 (KDCA archive),원자료명 「A형간염 발생률」,,,명/10만명,"Notified cases per 100,000 population.",municipality (229) + province (17),2011,2024,,216,229,연 1회,2026-09-08,lower_is_better,감염병 발생률,false,source organization named in secondary DB catalog; original table ID not stored,대구 군위군; 세종 세종시; 경기 고양시; 경기 성남시; 경기 수원시; 경기 안산시; 경기 안양시; 경기 용인시; 충북 청주시; 충남 천안시; 전북 전주시; 경북 포항시; 경남 창원시
K_INF_TSU,쯔쯔가무시증 발생률,,질병관리청,법정감염병 발생보고 · 결핵환자 신고현황,via KDH DB v1.7 (KDCA archive),원자료명 「쯔쯔가무시증 발생률」,,,명/10만명,"Notified cases per 100,000 population.",municipality (229) + province (17),2008,2024,,216,229,연 1회,2026-09-08,lower_is_better,감염병 발생률,false,source organization named in secondary DB catalog; original table ID not stored,대구 군위군; 세종 세종시; 경기 고양시; 경기 성남시; 경기 수원시; 경기 안산시; 경기 안양시; 경기 용인시; 충북 청주시; 충남 천안시; 전북 전주시; 경북 포항시; 경남 창원시
K_INF_MAL,말라리아 발생률,,질병관리청,법정감염병 발생보고 · 결핵환자 신고현황,via KDH DB v1.7 (KDCA archive),원자료명 「말라리아 발생률」,,,명/10만명,"Notified cases per 100,000 population.",municipality (229) + province (17),2008,2024,,216,229,연 1회,2026-09-08,lower_is_better,감염병 발생률,false,source organization named in secondary DB catalog; original table ID not stored,대구 군위군; 세종 세종시; 경기 고양시; 경기 성남시; 경기 수원시; 경기 안산시; 경기 안양시; 경기 용인시; 충북 청주시; 충남 천안시; 전북 전주시; 경북 포항시; 경남 창원시
K_INF_SCA,성홍열 발생률,,질병관리청,법정감염병 발생보고 · 결핵환자 신고현황,via KDH DB v1.7 (KDCA archive),원자료명 「성홍열 발생률」,,,명/10만명,"Notified cases per 100,000 population.",municipality (229) + province (17),2008,2024,,216,229,연 1회,2026-09-08,lower_is_better,감염병 발생률,false,source organization named in secondary DB catalog; original table ID not stored,대구 군위군; 세종 세종시; 경기 고양시; 경기 성남시; 경기 수원시; 경기 안산시; 경기 안양시; 경기 용인시; 충북 청주시; 충남 천안시; 전북 전주시; 경북 포항시; 경남 창원시
K_INF_PER,백일해 발생률,,질병관리청,법정감염병 발생보고 · 결핵환자 신고현황,via KDH DB v1.7 (KDCA archive),원자료명 「백일해 발생률」,,,명/10만명,"Notified cases per 100,000 population.",municipality (229) + province (17),2008,2024,,216,229,연 1회,2026-09-08,lower_is_better,감염병 발생률,false,source organization named in secondary DB catalog; original table ID not stored,대구 군위군; 세종 세종시; 경기 고양시; 경기 성남시; 경기 수원시; 경기 안산시; 경기 안양시; 경기 용인시; 충북 청주시; 충남 천안시; 전북 전주시; 경북 포항시; 경남 창원시
K_INF_HFRS,신증후군출혈열 발생률,,질병관리청,법정감염병 발생보고 · 결핵환자 신고현황,via KDH DB v1.7 (KDCA archive),원자료명 「신증후군출혈열 발생률」,,,명/10만명,"Notified cases per 100,000 population.",municipality (229) + province (17),2008,2024,,216,229,연 1회,2026-09-08,lower_is_better,감염병 발생률,false,source organization named in secondary DB catalog; original table ID not stored,대구 군위군; 세종 세종시; 경기 고양시; 경기 성남시; 경기 수원시; 경기 안산시; 경기 안양시; 경기 용인시; 충북 청주시; 충남 천안시; 전북 전주시; 경북 포항시; 경남 창원시
K_INF_LEG,레지오넬라증 발생률,,질병관리청,법정감염병 발생보고 · 결핵환자 신고현황,via KDH DB v1.7 (KDCA archive),원자료명 「레지오넬라증 발생률」,,,명/10만명,"Notified cases per 100,000 population.",municipality (229) + province (17),2008,2024,,216,229,연 1회,2026-09-08,lower_is_better,감염병 발생률,false,source organization named in secondary DB catalog; original table ID not stored,대구 군위군; 세종 세종시; 경기 고양시; 경기 성남시; 경기 수원시; 경기 안산시; 경기 안양시; 경기 용인시; 충북 청주시; 충남 천안시; 전북 전주시; 경북 포항시; 경남 창원시
K_INF_SYP,매독(1기) 발생률,,질병관리청,법정감염병 발생보고 · 결핵환자 신고현황,via KDH DB v1.7 (KDCA archive),원자료명 「매독(1기) 발생률」,,,명/10만명,"Notified cases per 100,000 population.",municipality (229) + province (17),2011,2024,,216,229,연 1회,2026-09-08,lower_is_better,감염병 발생률,false,source organization named in secondary DB catalog; original table ID not stored,대구 군위군; 세종 세종시; 경기 고양시; 경기 성남시; 경기 수원시; 경기 안산시; 경기 안양시; 경기 용인시; 충북 청주시; 충남 천안시; 전북 전주시; 경북 포항시; 경남 창원시
K_INF_TYP,장티푸스 발생률,,질병관리청,법정감염병 발생보고 · 결핵환자 신고현황,via KDH DB v1.7 (KDCA archive),원자료명 「장티푸스 발생률」,,,명/10만명,"Notified cases per 100,000 population.",municipality (229) + province (17),2008,2024,,216,229,연 1회,2026-09-08,lower_is_better,감염병 발생률,false,source organization named in secondary DB catalog; original table ID not stored,대구 군위군; 세종 세종시; 경기 고양시; 경기 성남시; 경기 수원시; 경기 안산시; 경기 안양시; 경기 용인시; 충북 청주시; 충남 천안시; 전북 전주시; 경북 포항시; 경남 창원시
K_INF_TBN,결핵 신환자 신고율,,질병관리청,법정감염병 발생보고 · 결핵환자 신고현황,via KDH DB v1.7 (KDCA archive),원자료명 「결핵 신환자 신고율」,,,명/10만명,"Notified cases per 100,000 population.",municipality (229) + province (17),2018,2024,,226,229,연 1회,2026-09-08,lower_is_better,감염병 발생률,false,source organization named in secondary DB catalog; original table ID not stored,대구 군위군; 세종 세종시; 충북 제천시
K_USE_PT,의료기관 진료실인원(인구 천명당),,국민건강보험공단,건강보험통계 · 건강검진통계 · 지역별의료이용통계,via KDH DB v1.7 (KDCA archive),원자료명 「의료기관 진료실인원(인구 천명당)」,,,명/천명,"As defined by the NHIS statistical table (rate per population, per eligible people, or count); see source table.",municipality (229) + province (17),2008,2021,,216,229,연 1회,2026-01-06,context,의료이용·검진,false,source organization named in secondary DB catalog; original table ID not stored,대구 군위군; 세종 세종시; 경기 고양시; 경기 성남시; 경기 수원시; 경기 안산시; 경기 안양시; 경기 용인시; 충북 청주시; 충남 천안시; 전북 전주시; 경북 포항시; 경남 창원시
K_USE_COST,1인당 의료기관 진료비,,국민건강보험공단,건강보험통계 · 건강검진통계 · 지역별의료이용통계,via KDH DB v1.7 (KDCA archive),원자료명 「1인당 의료기관 진료비」,,,원,"As defined by the NHIS statistical table (rate per population, per eligible people, or count); see source table.",municipality (229) + province (17),2008,2024,,214,229,연 1회,2026-01-06,context,의료이용·검진,false,source organization named in secondary DB catalog; original table ID not stored,대구 군위군; 세종 세종시; 경기 고양시; 경기 부천시; 경기 성남시; 경기 수원시; 경기 안산시; 경기 안양시; 경기 용인시; 충북 제천시; 충북 청주시; 충남 천안시; 전북 전주시; 경북 포항시; 경남 창원시
K_USE_HTN,고혈압 진료실인원(천명당),,국민건강보험공단,건강보험통계 · 건강검진통계 · 지역별의료이용통계,via KDH DB v1.7 (KDCA archive),원자료명 「고혈압 진료실인원(천명당)」,,,명/천명,"As defined by the NHIS statistical table (rate per population, per eligible people, or count); see source table.",municipality (229) + province (17),2008,2024,,214,229,연 1회,2026-01-06,lower_is_better,의료이용·검진,false,source organization named in secondary DB catalog; original table ID not stored,대구 군위군; 세종 세종시; 경기 고양시; 경기 부천시; 경기 성남시; 경기 수원시; 경기 안산시; 경기 안양시; 경기 용인시; 충북 제천시; 충북 청주시; 충남 천안시; 전북 전주시; 경북 포항시; 경남 창원시
K_USE_DM,당뇨병 진료실인원(천명당),,국민건강보험공단,건강보험통계 · 건강검진통계 · 지역별의료이용통계,via KDH DB v1.7 (KDCA archive),원자료명 「당뇨병 진료실인원(천명당)」,,,명/천명,"As defined by the NHIS statistical table (rate per population, per eligible people, or count); see source table.",municipality (229) + province (17),2008,2024,,214,229,연 1회,2026-01-06,lower_is_better,의료이용·검진,false,source organization named in secondary DB catalog; original table ID not stored,대구 군위군; 세종 세종시; 경기 고양시; 경기 부천시; 경기 성남시; 경기 수원시; 경기 안산시; 경기 안양시; 경기 용인시; 충북 제천시; 충북 청주시; 충남 천안시; 전북 전주시; 경북 포항시; 경남 창원시
K_USE_MENT,정신질환 진료실인원(천명당),,국민건강보험공단,건강보험통계 · 건강검진통계 · 지역별의료이용통계,via KDH DB v1.7 (KDCA archive),원자료명 「정신질환 진료실인원(천명당)」,,,명/천명,"As defined by the NHIS statistical table (rate per population, per eligible people, or count); see source table.",municipality (229) + province (17),2008,2020,2021; 2022; 2023; 2024,216,229,연 1회,2026-01-06,context,의료이용·검진,false,source organization named in secondary DB catalog; original table ID not stored,대구 군위군; 세종 세종시; 경기 고양시; 경기 성남시; 경기 수원시; 경기 안산시; 경기 안양시; 경기 용인시; 충북 청주시; 충남 천안시; 전북 전주시; 경북 포항시; 경남 창원시
K_USE_ARTH,관절염 진료실인원(천명당),,국민건강보험공단,건강보험통계 · 건강검진통계 · 지역별의료이용통계,via KDH DB v1.7 (KDCA archive),원자료명 「관절염 진료실인원(천명당)」,,,명/천명,"As defined by the NHIS statistical table (rate per population, per eligible people, or count); see source table.",municipality (229) + province (17),2008,2024,,214,229,연 1회,2026-01-06,lower_is_better,의료이용·검진,false,source organization named in secondary DB catalog; original table ID not stored,대구 군위군; 세종 세종시; 경기 고양시; 경기 부천시; 경기 성남시; 경기 수원시; 경기 안산시; 경기 안양시; 경기 용인시; 충북 제천시; 충북 청주시; 충남 천안시; 전북 전주시; 경북 포항시; 경남 창원시
K_USE_PERIO,치주질환 진료실인원(천명당),,국민건강보험공단,건강보험통계 · 건강검진통계 · 지역별의료이용통계,via KDH DB v1.7 (KDCA archive),원자료명 「치주질환 진료실인원(천명당)」,,,명/천명,"As defined by the NHIS statistical table (rate per population, per eligible people, or count); see source table.",municipality (229) + province (17),2008,2024,,214,229,연 1회,2026-01-06,lower_is_better,의료이용·검진,false,source organization named in secondary DB catalog; original table ID not stored,대구 군위군; 세종 세종시; 경기 고양시; 경기 부천시; 경기 성남시; 경기 수원시; 경기 안산시; 경기 안양시; 경기 용인시; 충북 제천시; 충북 청주시; 충남 천안시; 전북 전주시; 경북 포항시; 경남 창원시
K_USE_LIV,간질환 진료실인원(천명당),,국민건강보험공단,건강보험통계 · 건강검진통계 · 지역별의료이용통계,via KDH DB v1.7 (KDCA archive),원자료명 「간질환 진료실인원(천명당)」,,,명/천명,"As defined by the NHIS statistical table (rate per population, per eligible people, or count); see source table.",municipality (229) + province (17),2008,2024,,214,229,연 1회,2026-01-06,lower_is_better,의료이용·검진,false,source organization named in secondary DB catalog; original table ID not stored,대구 군위군; 세종 세종시; 경기 고양시; 경기 부천시; 경기 성남시; 경기 수원시; 경기 안산시; 경기 안양시; 경기 용인시; 충북 제천시; 충북 청주시; 충남 천안시; 전북 전주시; 경북 포항시; 경남 창원시
K_USE_STO,위암 진료실인원(10만명당),,국민건강보험공단,건강보험통계 · 건강검진통계 · 지역별의료이용통계,via KDH DB v1.7 (KDCA archive),원자료명 「위암 진료실인원(10만명당)」,,,명/10만명,"As defined by the NHIS statistical table (rate per population, per eligible people, or count); see source table.",municipality (229) + province (17),2008,2024,,214,229,연 1회,2026-01-06,lower_is_better,의료이용·검진,false,source organization named in secondary DB catalog; original table ID not stored,대구 군위군; 세종 세종시; 경기 고양시; 경기 부천시; 경기 성남시; 경기 수원시; 경기 안산시; 경기 안양시; 경기 용인시; 충북 제천시; 충북 청주시; 충남 천안시; 전북 전주시; 경북 포항시; 경남 창원시
K_USE_LUNG,폐암 진료실인원(10만명당),,국민건강보험공단,건강보험통계 · 건강검진통계 · 지역별의료이용통계,via KDH DB v1.7 (KDCA archive),원자료명 「폐암 진료실인원(10만명당)」,,,명/10만명,"As defined by the NHIS statistical table (rate per population, per eligible people, or count); see source table.",municipality (229) + province (17),2008,2024,,214,229,연 1회,2026-01-06,lower_is_better,의료이용·검진,false,source organization named in secondary DB catalog; original table ID not stored,대구 군위군; 세종 세종시; 경기 고양시; 경기 부천시; 경기 성남시; 경기 수원시; 경기 안산시; 경기 안양시; 경기 용인시; 충북 제천시; 충북 청주시; 충남 천안시; 전북 전주시; 경북 포항시; 경남 창원시
K_USE_COL,대장암 진료실인원(10만명당),,국민건강보험공단,건강보험통계 · 건강검진통계 · 지역별의료이용통계,via KDH DB v1.7 (KDCA archive),원자료명 「대장암 진료실인원(10만명당)」,,,명/10만명,"As defined by the NHIS statistical table (rate per population, per eligible people, or count); see source table.",municipality (229) + province (17),2008,2024,,214,229,연 1회,2026-01-06,lower_is_better,의료이용·검진,false,source organization named in secondary DB catalog; original table ID not stored,대구 군위군; 세종 세종시; 경기 고양시; 경기 부천시; 경기 성남시; 경기 수원시; 경기 안산시; 경기 안양시; 경기 용인시; 충북 제천시; 충북 청주시; 충남 천안시; 전북 전주시; 경북 포항시; 경남 창원시
K_USE_BRE,유방암 진료실인원(10만명당),,국민건강보험공단,건강보험통계 · 건강검진통계 · 지역별의료이용통계,via KDH DB v1.7 (KDCA archive),원자료명 「유방암 진료실인원(10만명당)」,,,명/10만명,"As defined by the NHIS statistical table (rate per population, per eligible people, or count); see source table.",municipality (229) + province (17),2008,2024,,214,229,연 1회,2026-01-06,lower_is_better,의료이용·검진,false,source organization named in secondary DB catalog; original table ID not stored,대구 군위군; 세종 세종시; 경기 고양시; 경기 부천시; 경기 성남시; 경기 수원시; 경기 안산시; 경기 안양시; 경기 용인시; 충북 제천시; 충북 청주시; 충남 천안시; 전북 전주시; 경북 포항시; 경남 창원시
K_CHK_RATE,일반건강검진(1차) 수검률,,국민건강보험공단,건강보험통계 · 건강검진통계 · 지역별의료이용통계,via KDH DB v1.7 (KDCA archive),원자료명 「일반건강검진(1차) 수검률」,,,%,"자료 연결 — 2018년 이전은 질병관리청 자료실(김동현 교수 DB) 경유, 2018년부터는 KOSIS 공단 건강검진통계에서 직접 산출. 정의(분자·분모)는 같다.",municipality (229) + province (17),2010,2024,,229,229,연 1회,2026-01-06,higher_is_better,의료이용·검진,false,source organization named in secondary DB catalog; original table ID not stored,
K_CHK_NORMA,검진 판정 정상A 비율,,국민건강보험공단,건강보험통계 · 건강검진통계 · 지역별의료이용통계,via KDH DB v1.7 (KDCA archive),원자료명 「검진 판정 정상A 비율」,,,%,"자료 연결 — 2017년까지는 질병관리청 자료실(김동현 교수 DB) 경유, 2018년부터는 KOSIS 공단 건강검진통계에서 직접 산출(산식 동일). 단, 2018년 검진제도 개편으로 판정 기준·절차가 바뀌었다. 특히 정상A는 판정 기준이 바뀌어 2017→2018년 사이 계단식으로 오른다(시군구 중앙값 6.8→11.6%). 2017년 이전과의 증감 비교는 피할 것.",municipality (229) + province (17),2010,2024,,229,229,연 1회,2026-01-06,higher_is_better,의료이용·검진,false,source organization named in secondary DB catalog; original table ID not stored,
K_CHK_DIS,검진 판정 유질환자 비율,,국민건강보험공단,건강보험통계 · 건강검진통계 · 지역별의료이용통계,via KDH DB v1.7 (KDCA archive),원자료명 「검진 판정 유질환자 비율」,,,%,"자료 연결 — 2017년까지는 질병관리청 자료실(김동현 교수 DB) 경유, 2018년부터는 KOSIS 공단 건강검진통계에서 직접 산출(산식 동일). 단, 2018년 검진제도 개편으로 판정 기준·절차가 바뀌었다. 유질환자 비율은 2017년 23.7% → 2018년 25.4%(시군구 중앙값)로 이어지지만 판정 기준 변경 영향이 섞여 있을 수 있다.",municipality (229) + province (17),2010,2024,,229,229,연 1회,2026-01-06,lower_is_better,의료이용·검진,false,source organization named in secondary DB catalog; original table ID not stored,
K_CHK_HTN,검진 고혈압 판정 비율,,국민건강보험공단,건강보험통계 · 건강검진통계 · 지역별의료이용통계,via KDH DB v1.7 (KDCA archive),원자료명 「검진 고혈압 판정 비율」,,,%,2018년 검진제도 개편으로 2차 검진이 폐지되어 「검진 고혈압/당뇨병 판정 비율」(2차 판정)은 2017년에서 끝난다. 2018년 이후 고혈압·당뇨는 1차 판정의 의심·유질환자 비율을 별도 지표로 둔다. (2018년 이후는 「의심 비율(1차 판정)」·「유질환자 비율」 지표 참조),municipality (229) + province (17),2010,2017,,216,229,연 1회,2026-01-06,lower_is_better,의료이용·검진,false,source organization named in secondary DB catalog; original table ID not stored,대구 군위군; 세종 세종시; 경기 고양시; 경기 성남시; 경기 수원시; 경기 안산시; 경기 안양시; 경기 용인시; 충북 청주시; 충남 천안시; 전북 전주시; 경북 포항시; 경남 창원시
K_CHK_DM,검진 당뇨병 판정 비율,,국민건강보험공단,건강보험통계 · 건강검진통계 · 지역별의료이용통계,via KDH DB v1.7 (KDCA archive),원자료명 「검진 당뇨병 판정 비율」,,,%,2018년 검진제도 개편으로 2차 검진이 폐지되어 「검진 고혈압/당뇨병 판정 비율」(2차 판정)은 2017년에서 끝난다. 2018년 이후 고혈압·당뇨는 1차 판정의 의심·유질환자 비율을 별도 지표로 둔다. (2018년 이후는 「의심 비율(1차 판정)」·「유질환자 비율」 지표 참조),municipality (229) + province (17),2010,2017,,216,229,연 1회,2026-01-06,lower_is_better,의료이용·검진,false,source organization named in secondary DB catalog; original table ID not stored,대구 군위군; 세종 세종시; 경기 고양시; 경기 성남시; 경기 수원시; 경기 안산시; 경기 안양시; 경기 용인시; 충북 청주시; 충남 천안시; 전북 전주시; 경북 포항시; 경남 창원시
K_RES_DOC,의사 수(10만명당),,국민건강보험공단,건강보험통계 · 건강검진통계 · 지역별의료이용통계,via KDH DB v1.7 (KDCA archive),원자료명 「의사 수(10만명당)」,,,명/10만명,"As defined by the NHIS statistical table (rate per population, per eligible people, or count); see source table.",municipality (229) + province (17),2008,2024,,214,229,연 1회,2026-01-06,higher_is_better,보건의료자원,false,source organization named in secondary DB catalog; original table ID not stored,대구 군위군; 세종 세종시; 경기 고양시; 경기 부천시; 경기 성남시; 경기 수원시; 경기 안산시; 경기 안양시; 경기 용인시; 충북 제천시; 충북 청주시; 충남 천안시; 전북 전주시; 경북 포항시; 경남 창원시
K_RES_DENT,치과의사 수(10만명당),,국민건강보험공단,건강보험통계 · 건강검진통계 · 지역별의료이용통계,via KDH DB v1.7 (KDCA archive),원자료명 「치과의사 수(10만명당)」,,,명/10만명,"As defined by the NHIS statistical table (rate per population, per eligible people, or count); see source table.",municipality (229) + province (17),2008,2024,,214,229,연 1회,2026-01-06,higher_is_better,보건의료자원,false,source organization named in secondary DB catalog; original table ID not stored,대구 군위군; 세종 세종시; 경기 고양시; 경기 부천시; 경기 성남시; 경기 수원시; 경기 안산시; 경기 안양시; 경기 용인시; 충북 제천시; 충북 청주시; 충남 천안시; 전북 전주시; 경북 포항시; 경남 창원시
K_RES_KM,한의사 수(10만명당),,국민건강보험공단,건강보험통계 · 건강검진통계 · 지역별의료이용통계,via KDH DB v1.7 (KDCA archive),원자료명 「한의사 수(10만명당)」,,,명/10만명,"As defined by the NHIS statistical table (rate per population, per eligible people, or count); see source table.",municipality (229) + province (17),2008,2024,,214,229,연 1회,2026-01-06,higher_is_better,보건의료자원,false,source organization named in secondary DB catalog; original table ID not stored,대구 군위군; 세종 세종시; 경기 고양시; 경기 부천시; 경기 성남시; 경기 수원시; 경기 안산시; 경기 안양시; 경기 용인시; 충북 제천시; 충북 청주시; 충남 천안시; 전북 전주시; 경북 포항시; 경남 창원시
K_RES_PHARM,약사 수(10만명당),,국민건강보험공단,건강보험통계 · 건강검진통계 · 지역별의료이용통계,via KDH DB v1.7 (KDCA archive),원자료명 「약사 수(10만명당)」,,,명/10만명,"As defined by the NHIS statistical table (rate per population, per eligible people, or count); see source table.",municipality (229) + province (17),2008,2024,,214,229,연 1회,2026-01-06,higher_is_better,보건의료자원,false,source organization named in secondary DB catalog; original table ID not stored,대구 군위군; 세종 세종시; 경기 고양시; 경기 부천시; 경기 성남시; 경기 수원시; 경기 안산시; 경기 안양시; 경기 용인시; 충북 제천시; 충북 청주시; 충남 천안시; 전북 전주시; 경북 포항시; 경남 창원시
K_RES_NURSE,간호사 수(10만명당),,국민건강보험공단,건강보험통계 · 건강검진통계 · 지역별의료이용통계,via KDH DB v1.7 (KDCA archive),원자료명 「간호사 수(10만명당)」,,,명/10만명,"As defined by the NHIS statistical table (rate per population, per eligible people, or count); see source table.",municipality (229) + province (17),2010,2024,,214,229,연 1회,2026-01-06,higher_is_better,보건의료자원,false,source organization named in secondary DB catalog; original table ID not stored,대구 군위군; 세종 세종시; 경기 고양시; 경기 부천시; 경기 성남시; 경기 수원시; 경기 안산시; 경기 안양시; 경기 용인시; 충북 제천시; 충북 청주시; 충남 천안시; 전북 전주시; 경북 포항시; 경남 창원시
K_RES_BED,병상 수(천명당),,국민건강보험공단,건강보험통계 · 건강검진통계 · 지역별의료이용통계,via KDH DB v1.7 (KDCA archive),원자료명 「병상 수(천명당)」,,,병상/천명,"As defined by the NHIS statistical table (rate per population, per eligible people, or count); see source table.",municipality (229) + province (17),2011,2023,,215,229,연 1회,2026-01-06,context,보건의료자원,false,source organization named in secondary DB catalog; original table ID not stored,대구 군위군; 세종 세종시; 경기 고양시; 경기 성남시; 경기 수원시; 경기 안산시; 경기 안양시; 경기 용인시; 충북 청주시; 충남 논산시; 충남 천안시; 전북 전주시; 경북 포항시; 경남 창원시
K_RES_CLINIC,의원 수(10만명당),,국민건강보험공단,건강보험통계 · 건강검진통계 · 지역별의료이용통계,via KDH DB v1.7 (KDCA archive),원자료명 「의원 수(10만명당)」,,,개/10만명,"As defined by the NHIS statistical table (rate per population, per eligible people, or count); see source table.",municipality (229) + province (17),2008,2024,,214,229,연 1회,2026-01-06,higher_is_better,보건의료자원,false,source organization named in secondary DB catalog; original table ID not stored,대구 군위군; 세종 세종시; 경기 고양시; 경기 부천시; 경기 성남시; 경기 수원시; 경기 안산시; 경기 안양시; 경기 용인시; 충북 제천시; 충북 청주시; 충남 천안시; 전북 전주시; 경북 포항시; 경남 창원시
K_RES_EM,응급의학과 전문의(10만명당),,국민건강보험공단,건강보험통계 · 건강검진통계 · 지역별의료이용통계,via KDH DB v1.7 (KDCA archive),원자료명 「응급의학과 전문의(10만명당)」,,,명/10만명,"As defined by the NHIS statistical table (rate per population, per eligible people, or count); see source table.",municipality (229) + province (17),2008,2024,,214,229,연 1회,2026-01-06,higher_is_better,보건의료자원,false,source organization named in secondary DB catalog; original table ID not stored,대구 군위군; 세종 세종시; 경기 고양시; 경기 부천시; 경기 성남시; 경기 수원시; 경기 안산시; 경기 안양시; 경기 용인시; 충북 제천시; 충북 청주시; 충남 천안시; 전북 전주시; 경북 포항시; 경남 창원시
K_RES_IM,내과 전문의(10만명당),,국민건강보험공단,건강보험통계 · 건강검진통계 · 지역별의료이용통계,via KDH DB v1.7 (KDCA archive),원자료명 「내과 전문의(10만명당)」,,,명/10만명,"As defined by the NHIS statistical table (rate per population, per eligible people, or count); see source table.",municipality (229) + province (17),2008,2024,,214,229,연 1회,2026-01-06,higher_is_better,보건의료자원,false,source organization named in secondary DB catalog; original table ID not stored,대구 군위군; 세종 세종시; 경기 고양시; 경기 부천시; 경기 성남시; 경기 수원시; 경기 안산시; 경기 안양시; 경기 용인시; 충북 제천시; 충북 청주시; 충남 천안시; 전북 전주시; 경북 포항시; 경남 창원시
K_RES_PSY,정신건강의학과 전문의(10만명당),,국민건강보험공단,건강보험통계 · 건강검진통계 · 지역별의료이용통계,via KDH DB v1.7 (KDCA archive),원자료명 「정신건강의학과 전문의(10만명당)」,,,명/10만명,"As defined by the NHIS statistical table (rate per population, per eligible people, or count); see source table.",municipality (229) + province (17),2008,2024,,214,229,연 1회,2026-01-06,higher_is_better,보건의료자원,false,source organization named in secondary DB catalog; original table ID not stored,대구 군위군; 세종 세종시; 경기 고양시; 경기 부천시; 경기 성남시; 경기 수원시; 경기 안산시; 경기 안양시; 경기 용인시; 충북 제천시; 충북 청주시; 충남 천안시; 전북 전주시; 경북 포항시; 경남 창원시
K_RES_OB,산부인과 전문의(10만명당),,국민건강보험공단,건강보험통계 · 건강검진통계 · 지역별의료이용통계,via KDH DB v1.7 (KDCA archive),원자료명 「산부인과 전문의(10만명당)」,,,명/10만명,"As defined by the NHIS statistical table (rate per population, per eligible people, or count); see source table.",municipality (229) + province (17),2008,2024,,214,229,연 1회,2026-01-06,higher_is_better,보건의료자원,false,source organization named in secondary DB catalog; original table ID not stored,대구 군위군; 세종 세종시; 경기 고양시; 경기 부천시; 경기 성남시; 경기 수원시; 경기 안산시; 경기 안양시; 경기 용인시; 충북 제천시; 충북 청주시; 충남 천안시; 전북 전주시; 경북 포항시; 경남 창원시
K_RES_PED,소아청소년과 전문의(10만명당),,국민건강보험공단,건강보험통계 · 건강검진통계 · 지역별의료이용통계,via KDH DB v1.7 (KDCA archive),원자료명 「소아청소년과 전문의(10만명당)」,,,명/10만명,"As defined by the NHIS statistical table (rate per population, per eligible people, or count); see source table.",municipality (229) + province (17),2008,2024,,214,229,연 1회,2026-01-06,higher_is_better,보건의료자원,false,source organization named in secondary DB catalog; original table ID not stored,대구 군위군; 세종 세종시; 경기 고양시; 경기 부천시; 경기 성남시; 경기 수원시; 경기 안산시; 경기 안양시; 경기 용인시; 충북 제천시; 충북 청주시; 충남 천안시; 전북 전주시; 경북 포항시; 경남 창원시
K_RES_PHCDOC,보건소 의사 인력(10만명당),,국가데이터처 · 행정안전부 · 보건복지부 · 문화체육관광부 등,인구·사회·경제·복지시설 통계,via KDH DB v1.7 (KDCA archive),원자료명 「보건소 의사 인력(10만명당)」,,,명/10만명,As defined by the original statistical table.,municipality (229) + province (17),2008,2022,2023; 2024,146,229,연 1회,2026-09-08,higher_is_better,보건의료자원,false,source organization named in secondary DB catalog; original table ID not stored,대구 남구; 대구 달서구; 대구 달성군; 대구 동구; 대구 북구; 대구 서구; 대구 수성구; 대구 중구; 대구 군위군; 인천 강화군; 인천 계양구; 인천 미추홀구; 인천 남동구; 인천 동구; 인천 부평구; 인천 서구; 인천 연수구; 인천 옹진군; 인천 중구; 대전 대덕구; 대전 동구; 대전 서구; 대전 유성구; 대전 중구; 세종 세종시; 전북 고창군; 전북 군산시; 전북 김제시; 전북 남원시; 전북 무주군; 전북 부안군; 전북 순창군; 전북 완주군; 전북 익산시; 전북 임실군; 전북 장수군; 전북 전주시; 전북 정읍시; 전북 진안군; 전남 강진군; 전남 고흥군; 전남 곡성군; 전남 광양시; 전남 구례군; 전남 나주시; 전남 담양군; 전남 목포시; 전남 무안군; 전남 보성군; 전남 순천시; 전남 신안군; 전남 여수시; 전남 영광군; 전남 영암군; 전남 완도군; 전남 장성군; 전남 장흥군; 전남 진도군; 전남 함평군; 전남 해남군; 전남 화순군; 경북 경산시; 경북 경주시; 경북 고령군; 경북 구미시; 경북 김천시; 경북 문경시; 경북 봉화군; 경북 상주시; 경북 성주군; 경북 안동시; 경북 영덕군; 경북 영양군; 경북 영주시; 경북 영천시; 경북 예천군; 경북 울릉군; 경북 울진군; 경북 의성군; 경북 청도군; 경북 청송군; 경북 칠곡군; 경북 포항시
K_RES_WELF,노인천명당 노인여가복지시설 수,,국가데이터처 · 행정안전부 · 보건복지부 · 문화체육관광부 등,인구·사회·경제·복지시설 통계,via KDH DB v1.7 (KDCA archive),원자료명 「노인천명당 노인여가복지시설 수」,,,개/천명,As defined by the original statistical table.,municipality (229) + province (17),2008,2024,,226,229,연 1회,2026-09-08,higher_is_better,보건의료자원,false,source organization named in secondary DB catalog; original table ID not stored,대구 군위군; 세종 세종시; 충북 제천시
K_RES_CULT,인구 10만명당 문화기반시설 수,,국가데이터처 · 행정안전부 · 보건복지부 · 문화체육관광부 등,인구·사회·경제·복지시설 통계,via KDH DB v1.7 (KDCA archive),원자료명 「인구 10만명당 문화기반시설 수」,,,개/10만명,As defined by the original statistical table.,municipality (229) + province (17),2008,2024,,226,229,연 1회,2026-09-08,higher_is_better,보건의료자원,false,source organization named in secondary DB catalog; original table ID not stored,대구 군위군; 세종 세종시; 충북 제천시
K_RES_SOC,인구 10만명당 사회복지시설 수,,국가데이터처 · 행정안전부 · 보건복지부 · 문화체육관광부 등,인구·사회·경제·복지시설 통계,via KDH DB v1.7 (KDCA archive),원자료명 「인구 10만명당 사회복지시설 수」,,,개/10만명,As defined by the original statistical table.,municipality (229) + province (17),2008,2022,,227,229,연 1회,2026-09-08,higher_is_better,보건의료자원,false,source organization named in secondary DB catalog; original table ID not stored,대구 군위군; 세종 세종시
K_POP_AGED,고령인구비율(65세 이상),,국가데이터처 · 행정안전부 · 보건복지부 · 문화체육관광부 등,인구·사회·경제·복지시설 통계,via KDH DB v1.7 (KDCA archive),원자료명 「고령인구비율(65세 이상)」,,,%,As defined by the original statistical table.,municipality (229) + province (17),2008,2024,,226,229,연 1회,2026-09-08,context,인구·사회·경제,false,source organization named in secondary DB catalog; original table ID not stored,대구 군위군; 세종 세종시; 충북 제천시
K_POP_GROW,인구증가율,,국가데이터처 · 행정안전부 · 보건복지부 · 문화체육관광부 등,인구·사회·경제·복지시설 통계,via KDH DB v1.7 (KDCA archive),원자료명 「인구증가율」,,,%,As defined by the original statistical table.,municipality (229) + province (17),2008,2024,,226,229,연 1회,2026-09-08,context,인구·사회·경제,false,source organization named in secondary DB catalog; original table ID not stored,대구 군위군; 세종 세종시; 충북 제천시
K_POP_TFR,합계출산율,,국가데이터처 · 행정안전부 · 보건복지부 · 문화체육관광부 등,인구·사회·경제·복지시설 통계,via KDH DB v1.7 (KDCA archive),원자료명 「합계출산율」,,,명,As defined by the original statistical table.,municipality (229) + province (17),2008,2024,,225,229,연 1회,2026-09-08,higher_is_better,인구·사회·경제,false,source organization named in secondary DB catalog; original table ID not stored,대구 군위군; 세종 세종시; 충북 제천시; 충북 청주시
K_POP_CBR,조출생률,,국가데이터처 · 행정안전부 · 보건복지부 · 문화체육관광부 등,인구·사회·경제·복지시설 통계,via KDH DB v1.7 (KDCA archive),원자료명 「조출생률」,,,명/천명,As defined by the original statistical table.,municipality (229) + province (17),2008,2024,,225,229,연 1회,2026-09-08,higher_is_better,인구·사회·경제,false,source organization named in secondary DB catalog; original table ID not stored,대구 군위군; 세종 세종시; 충북 제천시; 충북 청주시
K_POP_EXT,지방소멸위험지수,,국가데이터처 · 행정안전부 · 보건복지부 · 문화체육관광부 등,인구·사회·경제·복지시설 통계,via KDH DB v1.7 (KDCA archive),원자료명 「지방소멸위험지수」,,,지수,As defined by the original statistical table.,municipality (229) + province (17),2008,2024,,226,229,연 1회,2026-09-08,higher_is_better,인구·사회·경제,false,source organization named in secondary DB catalog; original table ID not stored,대구 군위군; 세종 세종시; 충북 제천시
K_POP_DENS,인구밀도,,국가데이터처 · 행정안전부 · 보건복지부 · 문화체육관광부 등,인구·사회·경제·복지시설 통계,via KDH DB v1.7 (KDCA archive),원자료명 「인구밀도」,,,명/km²,As defined by the original statistical table.,municipality (229) + province (17),2008,2020,2022; 2023; 2024,227,229,연 1회,2026-09-08,context,인구·사회·경제,false,source organization named in secondary DB catalog; original table ID not stored,대구 군위군; 세종 세종시
K_POP_AGE,평균연령,,국가데이터처 · 행정안전부 · 보건복지부 · 문화체육관광부 등,인구·사회·경제·복지시설 통계,via KDH DB v1.7 (KDCA archive),원자료명 「평균연령」,,,세,As defined by the original statistical table.,municipality (229) + province (17),2016,2024,,226,229,연 1회,2026-09-08,context,인구·사회·경제,false,source organization named in secondary DB catalog; original table ID not stored,대구 군위군; 세종 세종시; 충북 제천시
K_POP_URB,도시지역인구비율,,국가데이터처 · 행정안전부 · 보건복지부 · 문화체육관광부 등,인구·사회·경제·복지시설 통계,via KDH DB v1.7 (KDCA archive),원자료명 「도시지역인구비율」,,,%,As defined by the original statistical table.,municipality (229) + province (17),2008,2024,,226,229,연 1회,2026-09-08,context,인구·사회·경제,false,source organization named in secondary DB catalog; original table ID not stored,대구 군위군; 세종 세종시; 충북 제천시
K_POP_DIS,등록장애인 비율(천명당),,국가데이터처 · 행정안전부 · 보건복지부 · 문화체육관광부 등,인구·사회·경제·복지시설 통계,via KDH DB v1.7 (KDCA archive),원자료명 「등록장애인 비율(천명당)」,,,명/천명,As defined by the original statistical table.,municipality (229) + province (17),2008,2017,,227,229,연 1회,2026-09-08,context,인구·사회·경제,false,source organization named in secondary DB catalog; original table ID not stored,대구 군위군; 세종 세종시
K_POP_BLS,국민기초생활보장수급자 비율(천명당),,국가데이터처 · 행정안전부 · 보건복지부 · 문화체육관광부 등,인구·사회·경제·복지시설 통계,via KDH DB v1.7 (KDCA archive),원자료명 「국민기초생활보장수급자 비율(천명당)」,,,명/천명,As defined by the original statistical table.,municipality (229) + province (17),2018,2024,,226,229,연 1회,2026-09-08,lower_is_better,인구·사회·경제,false,source organization named in secondary DB catalog; original table ID not stored,대구 군위군; 세종 세종시; 충북 제천시
K_POP_ONE,1인가구 비율,,국가데이터처 · 행정안전부 · 보건복지부 · 문화체육관광부 등,인구·사회·경제·복지시설 통계,via KDH DB v1.7 (KDCA archive),원자료명 「1인가구 비율」,,,%,As defined by the original statistical table.,municipality (229) + province (17),2018,2024,,226,229,연 1회,2026-09-08,context,인구·사회·경제,false,source organization named in secondary DB catalog; original table ID not stored,대구 군위군; 세종 세종시; 충북 제천시
K_ECO_FIN,재정자립도,,국가데이터처 · 행정안전부 · 보건복지부 · 문화체육관광부 등,인구·사회·경제·복지시설 통계,via KDH DB v1.7 (KDCA archive),원자료명 「재정자립도」,,,%,As defined by the original statistical table.,municipality (229) + province (17),2008,2024,,224,229,연 1회,2026-09-08,higher_is_better,인구·사회·경제,false,source organization named in secondary DB catalog; original table ID not stored,대구 군위군; 세종 세종시; 충북 제천시; 제주 서귀포시; 제주 제주시
K_ECO_FIN2,재정자주도,,국가데이터처 · 행정안전부 · 보건복지부 · 문화체육관광부 등,인구·사회·경제·복지시설 통계,via KDH DB v1.7 (KDCA archive),원자료명 「재정자주도」,,,%,As defined by the original statistical table.,municipality (229) + province (17),2008,2024,,224,229,연 1회,2026-09-08,higher_is_better,인구·사회·경제,false,source organization named in secondary DB catalog; original table ID not stored,대구 군위군; 세종 세종시; 충북 제천시; 제주 서귀포시; 제주 제주시
K_ECO_UNEMP,실업률,,국가데이터처 · 행정안전부 · 보건복지부 · 문화체육관광부 등,인구·사회·경제·복지시설 통계,via KDH DB v1.7 (KDCA archive),원자료명 「실업률」,,,%,As defined by the original statistical table.,municipality (229) + province (17),2012,2019,2020; 2021; 2022; 2023; 2024,153,229,연 1회,2026-09-08,lower_is_better,인구·사회·경제,false,source organization named in secondary DB catalog; original table ID not stored,서울 강남구; 서울 강동구; 서울 강북구; 서울 강서구; 서울 관악구; 서울 광진구; 서울 구로구; 서울 금천구; 서울 노원구; 서울 도봉구; 서울 동대문구; 서울 동작구; 서울 마포구; 서울 서대문구; 서울 서초구; 서울 성동구; 서울 성북구; 서울 송파구; 서울 양천구; 서울 영등포구; 서울 용산구; 서울 은평구; 서울 종로구; 서울 중구; 서울 중랑구; 부산 강서구; 부산 금정구; 부산 기장군; 부산 남구; 부산 동구; 부산 동래구; 부산 부산진구; 부산 북구; 부산 사상구; 부산 사하구; 부산 서구; 부산 수영구; 부산 연제구; 부산 영도구; 부산 중구; 부산 해운대구; 대구 남구; 대구 달서구; 대구 달성군; 대구 동구; 대구 북구; 대구 서구; 대구 수성구; 대구 중구; 대구 군위군; 인천 강화군; 인천 계양구; 인천 미추홀구; 인천 남동구; 인천 동구; 인천 부평구; 인천 서구; 인천 연수구; 인천 옹진군; 인천 중구; 광주 광산구; 광주 남구; 광주 동구; 광주 북구; 광주 서구; 대전 대덕구; 대전 동구; 대전 서구; 대전 유성구; 대전 중구; 울산 남구; 울산 동구; 울산 북구; 울산 울주군; 울산 중구; 세종 세종시
K_ECO_EMP,고용률,,국가데이터처 · 행정안전부 · 보건복지부 · 문화체육관광부 등,인구·사회·경제·복지시설 통계,via KDH DB v1.7 (KDCA archive),원자료명 「고용률」,,,%,As defined by the original statistical table.,municipality (229) + province (17),2012,2019,2020; 2021; 2022; 2023; 2024,153,229,연 1회,2026-09-08,higher_is_better,인구·사회·경제,false,source organization named in secondary DB catalog; original table ID not stored,서울 강남구; 서울 강동구; 서울 강북구; 서울 강서구; 서울 관악구; 서울 광진구; 서울 구로구; 서울 금천구; 서울 노원구; 서울 도봉구; 서울 동대문구; 서울 동작구; 서울 마포구; 서울 서대문구; 서울 서초구; 서울 성동구; 서울 성북구; 서울 송파구; 서울 양천구; 서울 영등포구; 서울 용산구; 서울 은평구; 서울 종로구; 서울 중구; 서울 중랑구; 부산 강서구; 부산 금정구; 부산 기장군; 부산 남구; 부산 동구; 부산 동래구; 부산 부산진구; 부산 북구; 부산 사상구; 부산 사하구; 부산 서구; 부산 수영구; 부산 연제구; 부산 영도구; 부산 중구; 부산 해운대구; 대구 남구; 대구 달서구; 대구 달성군; 대구 동구; 대구 북구; 대구 서구; 대구 수성구; 대구 중구; 대구 군위군; 인천 강화군; 인천 계양구; 인천 미추홀구; 인천 남동구; 인천 동구; 인천 부평구; 인천 서구; 인천 연수구; 인천 옹진군; 인천 중구; 광주 광산구; 광주 남구; 광주 동구; 광주 북구; 광주 서구; 대전 대덕구; 대전 동구; 대전 서구; 대전 유성구; 대전 중구; 울산 남구; 울산 동구; 울산 북구; 울산 울주군; 울산 중구; 세종 세종시
K_ECO_YEMP,청년고용률,,국가데이터처 · 행정안전부 · 보건복지부 · 문화체육관광부 등,인구·사회·경제·복지시설 통계,via KDH DB v1.7 (KDCA archive),원자료명 「청년고용률」,,,%,As defined by the original statistical table.,municipality (229) + province (17),,,2008; 2009; 2010; 2011; 2012; 2013; 2014; 2015; 2016; 2017; 2018; 2019; 2020; 2021; 2022; 2023; 2024,0,229,연 1회,2026-09-08,higher_is_better,인구·사회·경제,false,source organization named in secondary DB catalog; original table ID not stored,
K_ECO_LFP,경제활동참가율,,국가데이터처 · 행정안전부 · 보건복지부 · 문화체육관광부 등,인구·사회·경제·복지시설 통계,via KDH DB v1.7 (KDCA archive),원자료명 「경제활동참가율」,,,%,As defined by the original statistical table.,municipality (229) + province (17),,,2008; 2009; 2010; 2011; 2012; 2013; 2014; 2015; 2016; 2017; 2018; 2019; 2020; 2021; 2022; 2023; 2024,0,229,연 1회,2026-09-08,higher_is_better,인구·사회·경제,false,source organization named in secondary DB catalog; original table ID not stored,
K_ECO_BIZ,인구 천명당 사업체 수,,국가데이터처 · 행정안전부 · 보건복지부 · 문화체육관광부 등,인구·사회·경제·복지시설 통계,via KDH DB v1.7 (KDCA archive),원자료명 「인구 천명당 사업체 수」,,,개/천명,As defined by the original statistical table.,municipality (229) + province (17),2008,2024,,225,229,연 1회,2026-09-08,context,인구·사회·경제,false,source organization named in secondary DB catalog; original table ID not stored,대구 군위군; 세종 세종시; 충북 제천시; 충북 청주시
K_ECO_HOME,주택소유율,,국가데이터처 · 행정안전부 · 보건복지부 · 문화체육관광부 등,인구·사회·경제·복지시설 통계,via KDH DB v1.7 (KDCA archive),원자료명 「주택소유율」,,,%,As defined by the original statistical table.,municipality (229) + province (17),2016,2024,,227,229,연 1회,2026-09-08,higher_is_better,인구·사회·경제,false,source organization named in secondary DB catalog; original table ID not stored,대구 군위군; 세종 세종시
K_ENV_WATER,상수도보급률,,환경부 · 국토교통부 · 도로교통공단 등,환경·안전 통계,via KDH DB v1.7 (KDCA archive),원자료명 「상수도보급률」,,,%,As defined by the original statistical table.,municipality (229) + province (17),2008,2024,,150,229,연 1회,2026-09-08,higher_is_better,환경·안전,false,source organization named in secondary DB catalog; original table ID not stored,서울 강남구; 서울 강동구; 서울 강북구; 서울 강서구; 서울 관악구; 서울 광진구; 서울 구로구; 서울 금천구; 서울 노원구; 서울 도봉구; 서울 동대문구; 서울 동작구; 서울 마포구; 서울 서대문구; 서울 서초구; 서울 성동구; 서울 성북구; 서울 송파구; 서울 양천구; 서울 영등포구; 서울 용산구; 서울 은평구; 서울 종로구; 서울 중구; 서울 중랑구; 부산 강서구; 부산 금정구; 부산 기장군; 부산 남구; 부산 동구; 부산 동래구; 부산 부산진구; 부산 북구; 부산 사상구; 부산 사하구; 부산 서구; 부산 수영구; 부산 연제구; 부산 영도구; 부산 중구; 부산 해운대구; 대구 남구; 대구 달서구; 대구 달성군; 대구 동구; 대구 북구; 대구 서구; 대구 수성구; 대구 중구; 대구 군위군; 인천 강화군; 인천 계양구; 인천 미추홀구; 인천 남동구; 인천 동구; 인천 부평구; 인천 서구; 인천 연수구; 인천 옹진군; 인천 중구; 광주 광산구; 광주 남구; 광주 동구; 광주 북구; 광주 서구; 대전 대덕구; 대전 동구; 대전 서구; 대전 유성구; 대전 중구; 울산 남구; 울산 동구; 울산 북구; 울산 울주군; 울산 중구; 세종 세종시; 충북 제천시; 제주 서귀포시; 제주 제주시
K_ENV_SEWER,하수도보급률,,환경부 · 국토교통부 · 도로교통공단 등,환경·안전 통계,via KDH DB v1.7 (KDCA archive),원자료명 「하수도보급률」,,,%,As defined by the original statistical table.,municipality (229) + province (17),2008,2024,,226,229,연 1회,2026-09-08,higher_is_better,환경·안전,false,source organization named in secondary DB catalog; original table ID not stored,대구 군위군; 세종 세종시; 충북 제천시
K_ENV_ROAD,도로포장률,,환경부 · 국토교통부 · 도로교통공단 등,환경·안전 통계,via KDH DB v1.7 (KDCA archive),원자료명 「도로포장률」,,,%,As defined by the original statistical table.,municipality (229) + province (17),2008,2024,,226,229,연 1회,2026-09-08,higher_is_better,환경·안전,false,source organization named in secondary DB catalog; original table ID not stored,대구 군위군; 세종 세종시; 충북 제천시
K_ENV_PARKN,인구 천명당 공원 수,,환경부 · 국토교통부 · 도로교통공단 등,환경·안전 통계,via KDH DB v1.7 (KDCA archive),원자료명 「인구 천명당 공원 수」,,,개/천명,As defined by the original statistical table.,municipality (229) + province (17),2008,2024,,224,229,연 1회,2026-09-08,higher_is_better,환경·안전,false,source organization named in secondary DB catalog; original table ID not stored,대구 군위군; 인천 옹진군; 세종 세종시; 충북 제천시; 경남 창원시
K_ENV_PARKA,인구 천명당 도시공원 조성면적,,환경부 · 국토교통부 · 도로교통공단 등,환경·안전 통계,via KDH DB v1.7 (KDCA archive),원자료명 「인구 천명당 도시공원 조성면적」,,,㎡/천명,As defined by the original statistical table.,municipality (229) + province (17),2008,2016,2017; 2018; 2019; 2021; 2022; 2023; 2024,226,229,연 1회,2026-09-08,higher_is_better,환경·안전,false,source organization named in secondary DB catalog; original table ID not stored,대구 군위군; 인천 옹진군; 세종 세종시
K_ENV_SPORT,인구 천명당 체육시설 수,,환경부 · 국토교통부 · 도로교통공단 등,환경·안전 통계,via KDH DB v1.7 (KDCA archive),원자료명 「인구 천명당 체육시설 수」,,,개/천명,As defined by the original statistical table.,municipality (229) + province (17),2008,2024,,209,229,연 1회,2026-09-08,higher_is_better,환경·안전,false,source organization named in secondary DB catalog; original table ID not stored,서울 강북구; 서울 서대문구; 서울 종로구; 부산 부산진구; 부산 북구; 부산 서구; 부산 연제구; 부산 영도구; 부산 중구; 대구 동구; 대구 서구; 대구 중구; 대구 군위군; 인천 옹진군; 인천 중구; 광주 남구; 대전 서구; 세종 세종시; 충북 제천시; 경남 창원시
K_ENV_FOREST,산림면적비율,,환경부 · 국토교통부 · 도로교통공단 등,환경·안전 통계,via KDH DB v1.7 (KDCA archive),원자료명 「산림면적비율」,,,%,As defined by the original statistical table.,municipality (229) + province (17),2009,2019,2022; 2023; 2024,226,229,연 1회,2026-09-08,context,환경·안전,false,source organization named in secondary DB catalog; original table ID not stored,대구 군위군; 인천 옹진군; 세종 세종시
K_ENV_EMPTY,빈집비율,,환경부 · 국토교통부 · 도로교통공단 등,환경·안전 통계,via KDH DB v1.7 (KDCA archive),원자료명 「빈집비율」,,,%,As defined by the original statistical table.,municipality (229) + province (17),2010,2024,,145,229,연 1회,2026-09-08,context,환경·안전,false,source organization named in secondary DB catalog; original table ID not stored,부산 기장군; 대구 달성군; 대구 군위군; 인천 강화군; 인천 옹진군; 울산 울주군; 세종 세종시; 경기 가평군; 경기 양평군; 경기 연천군; 강원 고성군; 강원 양구군; 강원 양양군; 강원 영월군; 강원 인제군; 강원 정선군; 강원 철원군; 강원 평창군; 강원 홍천군; 강원 화천군; 강원 횡성군; 충북 괴산군; 충북 단양군; 충북 보은군; 충북 영동군; 충북 옥천군; 충북 음성군; 충북 제천시; 충북 증평군; 충북 진천군; 충남 금산군; 충남 부여군; 충남 서천군; 충남 예산군; 충남 청양군; 충남 태안군; 충남 홍성군; 전북 고창군; 전북 무주군; 전북 부안군; 전북 순창군; 전북 완주군; 전북 임실군; 전북 장수군; 전북 진안군; 전남 강진군; 전남 고흥군; 전남 곡성군; 전남 구례군; 전남 담양군; 전남 무안군; 전남 보성군; 전남 신안군; 전남 영광군; 전남 영암군; 전남 완도군; 전남 장성군; 전남 장흥군; 전남 진도군; 전남 함평군; 전남 해남군; 전남 화순군; 경북 고령군; 경북 봉화군; 경북 성주군; 경북 영덕군; 경북 영양군; 경북 예천군; 경북 울릉군; 경북 울진군; 경북 의성군; 경북 청도군; 경북 청송군; 경북 칠곡군; 경남 거창군; 경남 고성군; 경남 남해군; 경남 산청군; 경남 의령군; 경남 창녕군; 경남 하동군; 경남 함안군; 경남 함양군; 경남 합천군
K_ENV_OLD,노후주택비율,,환경부 · 국토교통부 · 도로교통공단 등,환경·안전 통계,via KDH DB v1.7 (KDCA archive),원자료명 「노후주택비율」,,,%,As defined by the original statistical table.,municipality (229) + province (17),2015,2024,,145,229,연 1회,2026-09-08,lower_is_better,환경·안전,false,source organization named in secondary DB catalog; original table ID not stored,부산 기장군; 대구 달성군; 대구 군위군; 인천 강화군; 인천 옹진군; 울산 울주군; 세종 세종시; 경기 가평군; 경기 양평군; 경기 연천군; 강원 고성군; 강원 양구군; 강원 양양군; 강원 영월군; 강원 인제군; 강원 정선군; 강원 철원군; 강원 평창군; 강원 홍천군; 강원 화천군; 강원 횡성군; 충북 괴산군; 충북 단양군; 충북 보은군; 충북 영동군; 충북 옥천군; 충북 음성군; 충북 제천시; 충북 증평군; 충북 진천군; 충남 금산군; 충남 부여군; 충남 서천군; 충남 예산군; 충남 청양군; 충남 태안군; 충남 홍성군; 전북 고창군; 전북 무주군; 전북 부안군; 전북 순창군; 전북 완주군; 전북 임실군; 전북 장수군; 전북 진안군; 전남 강진군; 전남 고흥군; 전남 곡성군; 전남 구례군; 전남 담양군; 전남 무안군; 전남 보성군; 전남 신안군; 전남 영광군; 전남 영암군; 전남 완도군; 전남 장성군; 전남 장흥군; 전남 진도군; 전남 함평군; 전남 해남군; 전남 화순군; 경북 고령군; 경북 봉화군; 경북 성주군; 경북 영덕군; 경북 영양군; 경북 예천군; 경북 울릉군; 경북 울진군; 경북 의성군; 경북 청도군; 경북 청송군; 경북 칠곡군; 경남 거창군; 경남 고성군; 경남 남해군; 경남 산청군; 경남 의령군; 경남 창녕군; 경남 하동군; 경남 함안군; 경남 함양군; 경남 합천군
K_ENV_PM10,미세먼지(PM10) 연평균 농도,,환경부 · 국토교통부 · 도로교통공단 등,환경·안전 통계,via KDH DB v1.7 (KDCA archive),원자료명 「미세먼지(PM10) 연평균 농도」,,,㎍/㎥,As defined by the original statistical table.,municipality (229) + province (17),2008,2020,,137,229,연 1회,2026-09-08,lower_is_better,환경·안전,false,source organization named in secondary DB catalog; original table ID not stored,서울 강남구; 서울 강동구; 서울 강북구; 서울 강서구; 서울 관악구; 서울 광진구; 서울 구로구; 서울 금천구; 서울 노원구; 서울 도봉구; 서울 동대문구; 서울 동작구; 서울 마포구; 서울 서대문구; 서울 서초구; 서울 성동구; 서울 성북구; 서울 송파구; 서울 양천구; 서울 영등포구; 서울 용산구; 서울 은평구; 서울 종로구; 서울 중구; 서울 중랑구; 부산 강서구; 부산 금정구; 부산 기장군; 부산 남구; 부산 동구; 부산 동래구; 부산 부산진구; 부산 북구; 부산 사상구; 부산 사하구; 부산 서구; 부산 수영구; 부산 연제구; 부산 영도구; 부산 중구; 부산 해운대구; 대구 남구; 대구 달서구; 대구 달성군; 대구 동구; 대구 북구; 대구 서구; 대구 수성구; 대구 중구; 대구 군위군; 인천 강화군; 인천 계양구; 인천 미추홀구; 인천 남동구; 인천 동구; 인천 부평구; 인천 서구; 인천 연수구; 인천 옹진군; 인천 중구; 광주 광산구; 광주 남구; 광주 동구; 광주 북구; 광주 서구; 대전 대덕구; 대전 동구; 대전 서구; 대전 유성구; 대전 중구; 울산 남구; 울산 동구; 울산 북구; 울산 울주군; 울산 중구; 세종 세종시; 경기 여주시; 경기 의정부시; 경기 하남시; 경기 광주시; 강원 인제군; 충북 제천시; 충남 논산시; 충남 청양군; 전북 임실군; 전남 영암군; 경북 영덕군; 경북 영주시; 경남 거제시; 경남 사천시; 경남 양산시; 경남 진주시
K_ENV_PM25,초미세먼지(PM2.5) 연평균 농도,,환경부 · 국토교통부 · 도로교통공단 등,환경·안전 통계,via KDH DB v1.7 (KDCA archive),원자료명 「초미세먼지(PM2.5) 연평균 농도」,,,㎍/㎥,As defined by the original statistical table.,municipality (229) + province (17),2015,2020,,63,229,연 1회,2026-09-08,lower_is_better,환경·안전,false,source organization named in secondary DB catalog; original table ID not stored,서울 강남구; 서울 강동구; 서울 강북구; 서울 강서구; 서울 관악구; 서울 광진구; 서울 구로구; 서울 금천구; 서울 노원구; 서울 도봉구; 서울 동대문구; 서울 동작구; 서울 마포구; 서울 서대문구; 서울 서초구; 서울 성동구; 서울 성북구; 서울 송파구; 서울 양천구; 서울 영등포구; 서울 용산구; 서울 은평구; 서울 종로구; 서울 중구; 서울 중랑구; 부산 강서구; 부산 금정구; 부산 기장군; 부산 남구; 부산 동구; 부산 동래구; 부산 부산진구; 부산 북구; 부산 사상구; 부산 사하구; 부산 서구; 부산 수영구; 부산 연제구; 부산 영도구; 부산 중구; 부산 해운대구; 대구 남구; 대구 달서구; 대구 달성군; 대구 동구; 대구 북구; 대구 서구; 대구 수성구; 대구 중구; 대구 군위군; 인천 강화군; 인천 계양구; 인천 미추홀구; 인천 남동구; 인천 동구; 인천 부평구; 인천 서구; 인천 연수구; 인천 옹진군; 인천 중구; 광주 광산구; 광주 남구; 광주 동구; 광주 북구; 광주 서구; 대전 대덕구; 대전 동구; 대전 서구; 대전 유성구; 대전 중구; 울산 남구; 울산 동구; 울산 북구; 울산 울주군; 울산 중구; 세종 세종시; 경기 연천군; 경기 의왕시; 강원 양구군; 강원 인제군; 충북 단양군; 충북 옥천군; 충북 진천군; 충남 계룡시; 충남 금산군; 충남 서천군; 충남 예산군; 충남 청양군; 전북 고창군; 전북 군산시; 전북 김제시; 전북 남원시; 전북 무주군; 전북 부안군; 전북 순창군; 전북 완주군; 전북 익산시; 전북 임실군; 전북 장수군; 전북 전주시; 전북 정읍시; 전북 진안군; 전남 강진군; 전남 고흥군; 전남 곡성군; 전남 광양시; 전남 구례군; 전남 나주시; 전남 담양군; 전남 목포시; 전남 무안군; 전남 보성군; 전남 순천시; 전남 신안군; 전남 여수시; 전남 영광군; 전남 영암군; 전남 완도군; 전남 장성군; 전남 장흥군; 전남 진도군; 전남 함평군; 전남 해남군; 전남 화순군; 경북 경산시; 경북 경주시; 경북 고령군; 경북 구미시; 경북 김천시; 경북 문경시; 경북 봉화군; 경북 상주시; 경북 성주군; 경북 안동시; 경북 영덕군; 경북 영양군; 경북 영주시; 경북 영천시; 경북 예천군; 경북 울릉군; 경북 울진군; 경북 의성군; 경북 청도군; 경북 청송군; 경북 칠곡군; 경북 포항시; 경남 거제시; 경남 거창군; 경남 고성군; 경남 김해시; 경남 남해군; 경남 창원시; 경남 밀양시; 경남 사천시; 경남 산청군; 경남 양산시; 경남 의령군; 경남 진주시; 경남 창녕군; 경남 통영시; 경남 하동군; 경남 함안군; 경남 함양군; 경남 합천군; 제주 서귀포시; 제주 제주시
K_ENV_TEMP,연평균 기온,,환경부 · 국토교통부 · 도로교통공단 등,환경·안전 통계,via KDH DB v1.7 (KDCA archive),원자료명 「연평균 기온」,,,℃,As defined by the original statistical table.,municipality (229) + province (17),2008,2024,,74,229,연 1회,2026-09-08,context,환경·안전,false,source organization named in secondary DB catalog; original table ID not stored,서울 강남구; 서울 강동구; 서울 강북구; 서울 강서구; 서울 관악구; 서울 광진구; 서울 구로구; 서울 금천구; 서울 노원구; 서울 도봉구; 서울 동대문구; 서울 동작구; 서울 마포구; 서울 서대문구; 서울 서초구; 서울 성동구; 서울 성북구; 서울 송파구; 서울 양천구; 서울 영등포구; 서울 용산구; 서울 은평구; 서울 종로구; 서울 중구; 서울 중랑구; 부산 강서구; 부산 금정구; 부산 기장군; 부산 남구; 부산 동구; 부산 동래구; 부산 부산진구; 부산 북구; 부산 사상구; 부산 사하구; 부산 서구; 부산 수영구; 부산 연제구; 부산 영도구; 부산 중구; 부산 해운대구; 대구 남구; 대구 달서구; 대구 달성군; 대구 동구; 대구 북구; 대구 서구; 대구 수성구; 대구 중구; 대구 군위군; 인천 계양구; 인천 미추홀구; 인천 남동구; 인천 동구; 인천 부평구; 인천 서구; 인천 연수구; 인천 옹진군; 인천 중구; 광주 광산구; 광주 남구; 광주 동구; 광주 북구; 광주 서구; 대전 대덕구; 대전 동구; 대전 서구; 대전 유성구; 대전 중구; 울산 남구; 울산 동구; 울산 북구; 울산 울주군; 울산 중구; 세종 세종시; 경기 가평군; 경기 고양시; 경기 과천시; 경기 구리시; 경기 김포시; 경기 남양주시; 경기 부천시; 경기 양주시; 경기 여주시; 경기 연천군; 경기 의정부시; 경기 포천시; 경기 하남시; 경기 광명시; 경기 광주시; 경기 군포시; 경기 성남시; 경기 시흥시; 경기 안산시; 경기 안성시; 경기 안양시; 경기 오산시; 경기 용인시; 경기 의왕시; 경기 평택시; 경기 화성시; 강원 고성군; 강원 삼척시; 강원 양구군; 강원 양양군; 강원 평창군; 강원 화천군; 강원 횡성군; 충북 괴산군; 충북 단양군; 충북 영동군; 충북 옥천군; 충북 음성군; 충북 제천시; 충북 증평군; 충북 진천군; 충남 계룡시; 충남 공주시; 충남 논산시; 충남 당진시; 충남 서천군; 충남 아산시; 충남 예산군; 충남 청양군; 충남 태안군; 전북 김제시; 전북 무주군; 전북 완주군; 전북 익산시; 전북 진안군; 전남 곡성군; 전남 구례군; 전남 나주시; 전남 담양군; 전남 무안군; 전남 신안군; 전남 영암군; 전남 장성군; 전남 함평군; 전남 화순군; 경북 경산시; 경북 고령군; 경북 김천시; 경북 성주군; 경북 영양군; 경북 예천군; 경북 울릉군; 경북 청도군; 경북 칠곡군; 경남 고성군; 경남 사천시; 경남 창녕군; 경남 하동군; 경남 함안군; 제주 제주시
K_ENV_RAIN,연 강수량,,환경부 · 국토교통부 · 도로교통공단 등,환경·안전 통계,via KDH DB v1.7 (KDCA archive),원자료명 「연 강수량」,,,mm,As defined by the original statistical table.,municipality (229) + province (17),2008,2024,,74,229,연 1회,2026-09-08,context,환경·안전,false,source organization named in secondary DB catalog; original table ID not stored,서울 강남구; 서울 강동구; 서울 강북구; 서울 강서구; 서울 관악구; 서울 광진구; 서울 구로구; 서울 금천구; 서울 노원구; 서울 도봉구; 서울 동대문구; 서울 동작구; 서울 마포구; 서울 서대문구; 서울 서초구; 서울 성동구; 서울 성북구; 서울 송파구; 서울 양천구; 서울 영등포구; 서울 용산구; 서울 은평구; 서울 종로구; 서울 중구; 서울 중랑구; 부산 강서구; 부산 금정구; 부산 기장군; 부산 남구; 부산 동구; 부산 동래구; 부산 부산진구; 부산 북구; 부산 사상구; 부산 사하구; 부산 서구; 부산 수영구; 부산 연제구; 부산 영도구; 부산 중구; 부산 해운대구; 대구 남구; 대구 달서구; 대구 달성군; 대구 동구; 대구 북구; 대구 서구; 대구 수성구; 대구 중구; 대구 군위군; 인천 계양구; 인천 미추홀구; 인천 남동구; 인천 동구; 인천 부평구; 인천 서구; 인천 연수구; 인천 옹진군; 인천 중구; 광주 광산구; 광주 남구; 광주 동구; 광주 북구; 광주 서구; 대전 대덕구; 대전 동구; 대전 서구; 대전 유성구; 대전 중구; 울산 남구; 울산 동구; 울산 북구; 울산 울주군; 울산 중구; 세종 세종시; 경기 가평군; 경기 고양시; 경기 과천시; 경기 구리시; 경기 김포시; 경기 남양주시; 경기 부천시; 경기 양주시; 경기 여주시; 경기 연천군; 경기 의정부시; 경기 포천시; 경기 하남시; 경기 광명시; 경기 광주시; 경기 군포시; 경기 성남시; 경기 시흥시; 경기 안산시; 경기 안성시; 경기 안양시; 경기 오산시; 경기 용인시; 경기 의왕시; 경기 평택시; 경기 화성시; 강원 고성군; 강원 삼척시; 강원 양구군; 강원 양양군; 강원 평창군; 강원 화천군; 강원 횡성군; 충북 괴산군; 충북 단양군; 충북 영동군; 충북 옥천군; 충북 음성군; 충북 제천시; 충북 증평군; 충북 진천군; 충남 계룡시; 충남 공주시; 충남 논산시; 충남 당진시; 충남 서천군; 충남 아산시; 충남 예산군; 충남 청양군; 충남 태안군; 전북 김제시; 전북 무주군; 전북 완주군; 전북 익산시; 전북 진안군; 전남 곡성군; 전남 구례군; 전남 나주시; 전남 담양군; 전남 무안군; 전남 신안군; 전남 영암군; 전남 장성군; 전남 함평군; 전남 화순군; 경북 경산시; 경북 고령군; 경북 김천시; 경북 성주군; 경북 영양군; 경북 예천군; 경북 울릉군; 경북 청도군; 경북 칠곡군; 경남 고성군; 경남 사천시; 경남 창녕군; 경남 하동군; 경남 함안군; 제주 제주시
K_SAF_TCI,교통문화지수,,환경부 · 국토교통부 · 도로교통공단 등,환경·안전 통계,via KDH DB v1.7 (KDCA archive),원자료명 「교통문화지수」,,,점,As defined by the original statistical table.,municipality (229) + province (17),2008,2024,,224,229,연 1회,2026-09-08,higher_is_better,환경·안전,false,source organization named in secondary DB catalog; original table ID not stored,대구 군위군; 세종 세종시; 충북 제천시; 전남 신안군; 경북 울릉군
K_SAF_TSI,교통안전지수,,환경부 · 국토교통부 · 도로교통공단 등,환경·안전 통계,via KDH DB v1.7 (KDCA archive),원자료명 「교통안전지수」,,,점,As defined by the original statistical table.,municipality (229) + province (17),2008,2024,,224,229,연 1회,2026-09-08,higher_is_better,환경·안전,false,source organization named in secondary DB catalog; original table ID not stored,대구 군위군; 인천 옹진군; 세종 세종시; 충북 청주시; 경북 울릉군
K_SAF_G_FIRE,지역안전등급 화재(1=최상),,환경부 · 국토교통부 · 도로교통공단 등,환경·안전 통계,via KDH DB v1.7 (KDCA archive),원자료명 「지역안전등급 화재(1=최상)」,,,등급,As defined by the original statistical table.,municipality (229) + province (17),2015,2024,,224,229,연 1회,2026-09-08,lower_is_better,환경·안전,false,source organization named in secondary DB catalog; original table ID not stored,대구 군위군; 세종 세종시; 충북 제천시; 제주 서귀포시; 제주 제주시
K_SAF_G_TRAF,지역안전등급 교통사고(1=최상),,환경부 · 국토교통부 · 도로교통공단 등,환경·안전 통계,via KDH DB v1.7 (KDCA archive),원자료명 「지역안전등급 교통사고(1=최상)」,,,등급,As defined by the original statistical table.,municipality (229) + province (17),2015,2024,,224,229,연 1회,2026-09-08,lower_is_better,환경·안전,false,source organization named in secondary DB catalog; original table ID not stored,대구 군위군; 세종 세종시; 충북 제천시; 제주 서귀포시; 제주 제주시
K_SAF_G_CRIME,지역안전등급 범죄(1=최상),,환경부 · 국토교통부 · 도로교통공단 등,환경·안전 통계,via KDH DB v1.7 (KDCA archive),원자료명 「지역안전등급 범죄(1=최상)」,,,등급,As defined by the original statistical table.,municipality (229) + province (17),2015,2024,,224,229,연 1회,2026-09-08,lower_is_better,환경·안전,false,source organization named in secondary DB catalog; original table ID not stored,대구 군위군; 세종 세종시; 충북 제천시; 제주 서귀포시; 제주 제주시
K_SAF_G_ACC,지역안전등급 생활안전(1=최상),,환경부 · 국토교통부 · 도로교통공단 등,환경·안전 통계,via KDH DB v1.7 (KDCA archive),원자료명 「지역안전등급 생활안전(1=최상)」,,,등급,As defined by the original statistical table.,municipality (229) + province (17),2015,2024,,224,229,연 1회,2026-09-08,lower_is_better,환경·안전,false,source organization named in secondary DB catalog; original table ID not stored,대구 군위군; 세종 세종시; 충북 제천시; 제주 서귀포시; 제주 제주시
K_SAF_G_SUI,지역안전등급 자살(1=최상),,환경부 · 국토교통부 · 도로교통공단 등,환경·안전 통계,via KDH DB v1.7 (KDCA archive),원자료명 「지역안전등급 자살(1=최상)」,,,등급,As defined by the original statistical table.,municipality (229) + province (17),2015,2024,,224,229,연 1회,2026-09-08,lower_is_better,환경·안전,false,source organization named in secondary DB catalog; original table ID not stored,대구 군위군; 세종 세종시; 충북 제천시; 제주 서귀포시; 제주 제주시
K_SAF_G_INF,지역안전등급 감염병(1=최상),,환경부 · 국토교통부 · 도로교통공단 등,환경·안전 통계,via KDH DB v1.7 (KDCA archive),원자료명 「지역안전등급 감염병(1=최상)」,,,등급,As defined by the original statistical table.,municipality (229) + province (17),2015,2024,,224,229,연 1회,2026-09-08,lower_is_better,환경·안전,false,source organization named in secondary DB catalog; original table ID not stored,대구 군위군; 세종 세종시; 충북 제천시; 제주 서귀포시; 제주 제주시
K_SAF_TA,인구 10만명당 교통사고 건수,,환경부 · 국토교통부 · 도로교통공단 등,환경·안전 통계,via KDH DB v1.7 (KDCA archive),원자료명 「인구 10만명당 교통사고 건수」,,,건/10만명,As defined by the original statistical table.,municipality (229) + province (17),2008,2022,,220,229,연 1회,2026-09-08,lower_is_better,환경·안전,false,source organization named in secondary DB catalog; original table ID not stored,대구 군위군; 인천 옹진군; 세종 세종시; 전북 장수군; 전남 무안군; 전남 신안군; 전남 완도군; 경북 영양군; 경북 울릉군
K_SAF_TADEATH,교통사고 사망자(10만명당),,환경부 · 국토교통부 · 도로교통공단 등,환경·안전 통계,via KDH DB v1.7 (KDCA archive),원자료명 「교통사고 사망자(10만명당)」,,,명/10만명,As defined by the original statistical table.,municipality (229) + province (17),2011,2024,,225,229,연 1회,2026-09-08,lower_is_better,환경·안전,false,source organization named in secondary DB catalog; original table ID not stored,대구 군위군; 세종 세종시; 충북 제천시; 충남 계룡시
K_SAF_PED,보행 교통사고 사망자(10만명당),,환경부 · 국토교통부 · 도로교통공단 등,환경·안전 통계,via KDH DB v1.7 (KDCA archive),원자료명 「보행 교통사고 사망자(10만명당)」,,,명/10만명,As defined by the original statistical table.,municipality (229) + province (17),2008,2024,,226,229,연 1회,2026-09-08,lower_is_better,환경·안전,false,source organization named in secondary DB catalog; original table ID not stored,대구 군위군; 세종 세종시; 충북 제천시
K_SAF_ELD,노인 교통사고 사망자(10만명당),,환경부 · 국토교통부 · 도로교통공단 등,환경·안전 통계,via KDH DB v1.7 (KDCA archive),원자료명 「노인 교통사고 사망자(10만명당)」,,,명/10만명,As defined by the original statistical table.,municipality (229) + province (17),2008,2024,,226,229,연 1회,2026-09-08,lower_is_better,환경·안전,false,source organization named in secondary DB catalog; original table ID not stored,대구 군위군; 세종 세종시; 충북 제천시
K_SAF_BELT,안전띠 착용률(전좌석),,환경부 · 국토교통부 · 도로교통공단 등,환경·안전 통계,via KDH DB v1.7 (KDCA archive),원자료명 「안전띠 착용률(전좌석)」,,,%,As defined by the original statistical table.,municipality (229) + province (17),2019,2024,,224,229,연 1회,2026-09-08,higher_is_better,환경·안전,false,source organization named in secondary DB catalog; original table ID not stored,대구 군위군; 세종 세종시; 경기 광명시; 전북 익산시; 전남 신안군
K_SAF_STOP,횡단보도 정지선 준수율,,환경부 · 국토교통부 · 도로교통공단 등,환경·안전 통계,via KDH DB v1.7 (KDCA archive),원자료명 「횡단보도 정지선 준수율」,,,%,As defined by the original statistical table.,municipality (229) + province (17),2008,2024,,223,229,연 1회,2026-09-08,higher_is_better,환경·안전,false,source organization named in secondary DB catalog; original table ID not stored,대구 군위군; 세종 세종시; 경기 광명시; 전북 익산시; 전남 신안군; 경북 울릉군
K_SAF_SIG,보행자 횡단보도 신호준수율,,환경부 · 국토교통부 · 도로교통공단 등,환경·안전 통계,via KDH DB v1.7 (KDCA archive),원자료명 「보행자 횡단보도 신호준수율」,,,%,As defined by the original statistical table.,municipality (229) + province (17),2008,2024,,223,229,연 1회,2026-09-08,higher_is_better,환경·안전,false,source organization named in secondary DB catalog; original table ID not stored,대구 군위군; 세종 세종시; 경기 광명시; 전북 익산시; 전남 신안군; 경북 울릉군
K_EDU_RATIO,교원 1인당 학생 수,,국가데이터처 · 행정안전부 · 보건복지부 · 문화체육관광부 등,인구·사회·경제·복지시설 통계,via KDH DB v1.7 (KDCA archive),원자료명 「교원 1인당 학생 수」,,,명,As defined by the original statistical table.,municipality (229) + province (17),2008,2024,,226,229,연 1회,2026-09-08,lower_is_better,인구·사회·경제,false,source organization named in secondary DB catalog; original table ID not stored,대구 군위군; 세종 세종시; 충북 제천시
CANC_ALL,암검진 수검률(전체),,국민건강보험공단,건강검진통계 — 시군구별 성별 암검진 대상 및 수검인원 현황,,국민건강보험공단 건강검진통계 — 시군구별 성별 암검진 대상 및 수검인원 현황(KOSIS DT_35007_N009). 수검인원÷대상인원. 일반구는 시 단위로 합산,DT_35007_N009,https://kosis.kr/statHtml/statHtml.do?orgId=350&tblId=DT_35007_N009,%,Numerator: people screened; denominator: people eligible for the national cancer screening programme (%).,municipality (229) + province (17),2015,2024,,229,229,연 1회(연말~연초),2026-01-06,higher_is_better,암검진,false,verified: source table ID + URL,
CANC_STO,위암 검진 수검률,,국민건강보험공단,건강검진통계 — 시군구별 성별 암검진 대상 및 수검인원 현황,,국민건강보험공단 건강검진통계 — 시군구별 성별 암검진 대상 및 수검인원 현황(KOSIS DT_35007_N009). 수검인원÷대상인원. 일반구는 시 단위로 합산,DT_35007_N009,https://kosis.kr/statHtml/statHtml.do?orgId=350&tblId=DT_35007_N009,%,Numerator: people screened; denominator: people eligible for the national cancer screening programme (%).,municipality (229) + province (17),2015,2024,,229,229,연 1회(연말~연초),2026-01-06,higher_is_better,암검진,false,verified: source table ID + URL,
CANC_COL,대장암 검진 수검률,,국민건강보험공단,건강검진통계 — 시군구별 성별 암검진 대상 및 수검인원 현황,,국민건강보험공단 건강검진통계 — 시군구별 성별 암검진 대상 및 수검인원 현황(KOSIS DT_35007_N009). 수검인원÷대상인원. 일반구는 시 단위로 합산,DT_35007_N009,https://kosis.kr/statHtml/statHtml.do?orgId=350&tblId=DT_35007_N009,%,Numerator: people screened; denominator: people eligible for the national cancer screening programme (%).,municipality (229) + province (17),2015,2024,,229,229,연 1회(연말~연초),2026-01-06,higher_is_better,암검진,false,verified: source table ID + URL,
CANC_LIV,간암 검진 수검률,,국민건강보험공단,건강검진통계 — 시군구별 성별 암검진 대상 및 수검인원 현황,,국민건강보험공단 건강검진통계 — 시군구별 성별 암검진 대상 및 수검인원 현황(KOSIS DT_35007_N009). 수검인원÷대상인원. 일반구는 시 단위로 합산,DT_35007_N009,https://kosis.kr/statHtml/statHtml.do?orgId=350&tblId=DT_35007_N009,%,Numerator: people screened; denominator: people eligible for the national cancer screening programme (%).,municipality (229) + province (17),2015,2024,,229,229,연 1회(연말~연초),2026-01-06,higher_is_better,암검진,false,verified: source table ID + URL,
CANC_BRE,유방암 검진 수검률,,국민건강보험공단,건강검진통계 — 시군구별 성별 암검진 대상 및 수검인원 현황,,국민건강보험공단 건강검진통계 — 시군구별 성별 암검진 대상 및 수검인원 현황(KOSIS DT_35007_N009). 수검인원÷대상인원. 일반구는 시 단위로 합산,DT_35007_N009,https://kosis.kr/statHtml/statHtml.do?orgId=350&tblId=DT_35007_N009,%,Numerator: people screened; denominator: people eligible for the national cancer screening programme (%).,municipality (229) + province (17),2015,2024,,229,229,연 1회(연말~연초),2026-01-06,higher_is_better,암검진,false,verified: source table ID + URL,
CANC_CVX,자궁경부암 검진 수검률,,국민건강보험공단,건강검진통계 — 시군구별 성별 암검진 대상 및 수검인원 현황,,국민건강보험공단 건강검진통계 — 시군구별 성별 암검진 대상 및 수검인원 현황(KOSIS DT_35007_N009). 수검인원÷대상인원. 일반구는 시 단위로 합산,DT_35007_N009,https://kosis.kr/statHtml/statHtml.do?orgId=350&tblId=DT_35007_N009,%,Numerator: people screened; denominator: people eligible for the national cancer screening programme (%).,municipality (229) + province (17),2015,2024,,229,229,연 1회(연말~연초),2026-01-06,higher_is_better,암검진,false,verified: source table ID + URL,
CANC_LUN,폐암 검진 수검률,,국민건강보험공단,건강검진통계 — 시군구별 성별 암검진 대상 및 수검인원 현황,,국민건강보험공단 건강검진통계 — 시군구별 성별 암검진 대상 및 수검인원 현황(KOSIS DT_35007_N009). 수검인원÷대상인원. 일반구는 시 단위로 합산,DT_35007_N009,https://kosis.kr/statHtml/statHtml.do?orgId=350&tblId=DT_35007_N009,%,Numerator: people screened; denominator: people eligible for the national cancer screening programme (%).,municipality (229) + province (17),2020,2024,,229,229,연 1회(연말~연초),2026-01-06,higher_is_better,암검진,false,verified: source table ID + URL,
CHK_HTN_S,검진 고혈압 의심 비율(1차 판정),,국민건강보험공단,건강보험통계 · 건강검진통계 · 지역별의료이용통계,,국민건강보험공단 건강검진통계 — 시군구별 성별 일반건강검진 판정결과 질환의심 세부현황(KOSIS DT_35007_N103). 1차 판정 고혈압 질환의심 ÷ 수검인원. 일반구는 시 단위로 합산,DT_35007_N103,https://kosis.kr/statHtml/statHtml.do?orgId=350&tblId=DT_35007_N103,%,정의 변경 — 2018년 검진제도 개편으로 2차 검진이 폐지되어 「검진 고혈압/당뇨병 판정 비율」(2차 판정 확진)은 2017년에서 끝난다. 이 지표는 2018년부터의 1차 판정 결과이며 2017년 이전 값과 이어 붙여 비교할 수 없다.,municipality (229) + province (17),2018,2024,,229,229,연 1회,2026-01-06,lower_is_better,의료이용·검진,false,verified: source table ID + URL,
CHK_DM_S,검진 당뇨병 의심 비율(1차 판정),,국민건강보험공단,건강보험통계 · 건강검진통계 · 지역별의료이용통계,,국민건강보험공단 건강검진통계 — 시군구별 성별 일반건강검진 판정결과 질환의심 세부현황(KOSIS DT_35007_N103). 1차 판정 당뇨병 질환의심 ÷ 수검인원. 일반구는 시 단위로 합산,DT_35007_N103,https://kosis.kr/statHtml/statHtml.do?orgId=350&tblId=DT_35007_N103,%,정의 변경 — 2018년 검진제도 개편으로 2차 검진이 폐지되어 「검진 고혈압/당뇨병 판정 비율」(2차 판정 확진)은 2017년에서 끝난다. 이 지표는 2018년부터의 1차 판정 결과이며 2017년 이전 값과 이어 붙여 비교할 수 없다.,municipality (229) + province (17),2018,2024,,229,229,연 1회,2026-01-06,lower_is_better,의료이용·검진,false,verified: source table ID + URL,
CHK_HTN_D,검진 고혈압 유질환자 비율,,국민건강보험공단,건강보험통계 · 건강검진통계 · 지역별의료이용통계,,국민건강보험공단 건강검진통계 — 시군구별 성별 일반건강검진 판정결과 유질환자 세부현황(KOSIS DT_35007_N105). 판정 고혈압 유질환자 ÷ 수검인원. 일반구는 시 단위로 합산,DT_35007_N105,https://kosis.kr/statHtml/statHtml.do?orgId=350&tblId=DT_35007_N105,%,정의 변경 — 2018년 검진제도 개편으로 2차 검진이 폐지되어 「검진 고혈압/당뇨병 판정 비율」(2차 판정 확진)은 2017년에서 끝난다. 이 지표는 2018년부터의 1차 판정 결과이며 2017년 이전 값과 이어 붙여 비교할 수 없다.,municipality (229) + province (17),2018,2024,,229,229,연 1회,2026-01-06,lower_is_better,의료이용·검진,false,verified: source table ID + URL,
CHK_DM_D,검진 당뇨병 유질환자 비율,,국민건강보험공단,건강보험통계 · 건강검진통계 · 지역별의료이용통계,,국민건강보험공단 건강검진통계 — 시군구별 성별 일반건강검진 판정결과 유질환자 세부현황(KOSIS DT_35007_N105). 판정 당뇨병 유질환자 ÷ 수검인원. 일반구는 시 단위로 합산,DT_35007_N105,https://kosis.kr/statHtml/statHtml.do?orgId=350&tblId=DT_35007_N105,%,정의 변경 — 2018년 검진제도 개편으로 2차 검진이 폐지되어 「검진 고혈압/당뇨병 판정 비율」(2차 판정 확진)은 2017년에서 끝난다. 이 지표는 2018년부터의 1차 판정 결과이며 2017년 이전 값과 이어 붙여 비교할 수 없다.,municipality (229) + province (17),2018,2024,,229,229,연 1회,2026-01-06,lower_is_better,의료이용·검진,false,verified: source table ID + URL,
DEP_IDX,"지역박탈지수(근사, 총조사 집계표)",,자체 산출(근사),지역박탈지수 산출 v2 — 김동진 외(2013) 방식 재현,,지역박탈지수(근사) — 인구주택총조사 집계표 7개 변수,,,점,Sum of z-scores of 7 census variables (2015/2020 census; approximation of Kim et al. 2013).,municipality (229) + province (17),2015,2020,,227,229,5년(인구주택총조사),2026-09-08,lower_is_better,지역박탈,false,source organization named; table ID not stored,대구 군위군; 경남 창원시
